==========================================================
 Residuos por iteracao - Metodo do Gradiente
 Chute fixo (0.5,0.5,0.5) + 10 chutes aleatorios em [-1.0, 1.0]
==========================================================

----------------------------------------------------------
Chute inicial: x0 = 0.500000, y0 = 0.500000, z0 = 0.500000
----------------------------------------------------------
    iter               f1               f2               f3                G
       1    -2.500000e-01    -1.250000e+00    -7.500000e-01     2.187500e+00
       2     1.975098e-01     7.685547e-01     1.097168e+00     1.833464e+00
       3     3.587938e-03    -3.799937e-01    -4.872169e-01     3.817884e-01
       4     7.227436e-02     1.792084e-03     4.603895e-02     7.346379e-03
       5     6.114261e-02    -2.592270e-02    -1.785361e-03     4.413593e-03
       6     4.662661e-02     1.288835e-02     3.110448e-02     3.307639e-03
       7     3.764073e-02    -1.444953e-02    -5.164013e-03     1.652281e-03
       8     3.297798e-02    -2.089180e-03     1.241982e-02     1.246164e-03
       9     2.463517e-02    -1.772544e-02    -1.270144e-02     1.082410e-03
      10     2.471263e-02    -4.508432e-03     5.035360e-03     6.563951e-04
      11     1.466376e-02    -1.365682e-02    -1.175499e-02     5.397145e-04
      12     1.532009e-02    -2.071847e-03     4.106785e-03     2.558633e-04
      13     1.195350e-02    -6.621109e-03    -3.555461e-03     1.993666e-04
      14     1.128113e-02     1.698654e-03     7.353499e-03     1.842234e-04
      15     9.421630e-03    -3.801863e-03    -9.004985e-04     1.040322e-04
      16     8.345145e-03    -5.865894e-04     2.955012e-03     7.871762e-05
      17     6.317337e-03    -4.342241e-03    -3.031325e-03     6.795274e-05
      18     6.304455e-03    -1.130445e-03     1.304737e-03     4.272639e-05
      19     3.779440e-03    -3.534539e-03    -3.088070e-03     3.631331e-05
      20     3.952994e-03    -4.928960e-04     1.108998e-03     1.709899e-05
      21     3.080078e-03    -1.759925e-03    -9.998024e-04     1.358382e-05
      22     2.931306e-03     5.329866e-04     2.039292e-03     1.303534e-05
      23     2.434760e-03    -1.008535e-03    -2.725986e-04     7.019510e-06
      24     2.169795e-03    -1.071502e-04     8.298764e-04     5.408188e-06
      25     1.628724e-03    -1.192195e-03    -8.842706e-04     4.856005e-06
      26     1.639882e-03    -2.731229e-04     3.668183e-04     2.898365e-06
      27     9.705789e-04    -9.961695e-04    -9.149276e-04     2.771470e-06
      28     1.032270e-03    -1.071287e-04     3.186998e-04     1.178626e-06
      29     7.967991e-04    -4.893352e-04    -3.056245e-04     9.677441e-07
      30     7.842201e-04    -1.513794e-04     1.471607e-04     6.595732e-07
      31     4.804542e-04    -3.977938e-04    -3.237541e-04     4.938929e-07
      32     4.926517e-04    -7.127586e-05     1.247465e-04     2.633477e-07
      33     3.880993e-04    -2.055488e-04    -1.044422e-04     2.037795e-07
      34     3.632497e-04     4.550979e-05     2.250344e-04     1.846620e-07
      35     3.058381e-04    -1.211112e-04    -2.686013e-05     1.089263e-07
      36     2.352230e-04     7.938604e-05     2.134549e-04     1.071950e-07
      37     1.884461e-04    -8.813364e-05    -3.489127e-05     4.449687e-08
      38     1.718933e-04     5.917028e-06     8.529934e-05     3.685828e-08
      39     1.477365e-04    -5.427757e-05    -7.246347e-06     2.482464e-08
      40     1.103811e-04     2.240471e-05     8.002208e-05     1.908948e-08
      41     9.129015e-05    -3.847267e-05    -1.117454e-05     9.938908e-09
      42     8.164793e-05    -2.993309e-06     3.264062e-05     7.740754e-09
      43     6.093523e-05    -4.631260e-05    -3.545946e-05     7.115333e-09
      44     6.168703e-05    -9.826247e-06     1.439469e-05     4.109051e-09
      45     4.894931e-05    -2.448302e-05    -1.122252e-05     3.121398e-09
      46     4.526265e-05     3.749287e-06     2.543503e-05     2.709705e-09
      47     3.848105e-05    -1.471885e-05    -2.677199e-06     1.704603e-09
      48     2.919983e-05     8.034779e-06     2.403037e-05     1.494646e-09
      49     2.374446e-05    -1.058793e-05    -3.695633e-06     6.895612e-10
      50     2.146047e-05     2.957101e-08     9.687218e-06     5.543947e-10
      51     1.570255e-05    -1.330689e-05    -1.100074e-05     5.446596e-10
      52     1.616038e-05    -2.264703e-06     4.191011e-06     2.838514e-10
      53     1.270452e-05    -6.843750e-06    -3.576990e-06     2.210367e-10
      54     1.193603e-05     1.653112e-06     7.609116e-06     2.031002e-10
      55     1.001992e-05    -4.010735e-06    -9.389632e-07     1.173664e-10
      56     8.880171e-06    -6.226276e-07     3.146886e-06     8.914799e-11
      57     6.741911e-06    -4.624421e-06    -3.245399e-06     7.737125e-11
      58     6.728984e-06    -1.184138e-06     1.417808e-06     4.869158e-11
      59     4.036642e-06    -3.845217e-06    -3.404000e-06     4.266739e-11
      60     4.235995e-06    -4.995809e-07     1.226190e-06     1.969677e-11
      61     3.293962e-06    -1.924533e-06    -1.131175e-06     1.583357e-11
      62     3.152480e-06     6.371650e-07     2.281869e-06     1.555103e-11
      63     2.607827e-06    -1.098314e-06    -3.182983e-07     8.108369e-12
      64     2.332152e-06    -8.638541e-08     9.311306e-07     6.313397e-12
      65     1.740917e-06    -1.321630e-06    -1.011077e-06     5.799775e-12
      66     1.762109e-06    -2.809630e-07     4.108061e-07     3.352730e-12
      67     1.398384e-06    -6.989715e-07    -3.200055e-07     2.546443e-12
      68     1.292897e-06     1.065163e-07     7.257551e-07     2.209649e-12
      69     1.099306e-06    -4.203264e-07    -7.628237e-08     1.390968e-12
      70     8.340614e-07     2.289870e-07     6.857081e-07     1.218289e-12
      71     6.783387e-07    -3.023370e-07    -1.053885e-07     5.626578e-13
      72     6.130370e-07     6.553027e-10     2.764673e-07     4.522489e-13
      73     4.486336e-07    -3.798611e-07    -3.138607e-07     4.440752e-13
      74     4.616516e-07    -6.476248e-08     1.196324e-07     2.316283e-13
      75     3.629562e-07    -1.954107e-07    -1.020454e-07     1.803358e-13
      76     3.409598e-07     4.708013e-08     2.171669e-07     1.656316e-13
      77     2.862530e-07    -1.145419e-07    -2.677333e-08     9.577743e-14
      78     2.536780e-07    -1.783942e-08     8.982458e-08     7.273922e-14
      79     1.926157e-07    -1.320314e-07    -9.260213e-08     6.310826e-14
      80     1.922296e-07    -3.384709e-08     4.047667e-08     3.973620e-14
      81     1.153319e-07    -1.097744e-07    -9.713714e-08     3.478749e-14
      82     1.210107e-07    -1.429039e-08     3.500338e-08     1.607303e-14
      83     9.410674e-08    -5.495252e-08    -3.227600e-08     1.291760e-14
      84     9.005302e-08     1.816153e-08     6.512968e-08     1.268126e-14
      85     7.450225e-08    -3.136652e-08    -9.078648e-09     6.616866e-15
      86     6.662240e-08    -2.482944e-09     2.657894e-08     5.151150e-15
      87     4.973852e-08    -3.773384e-08    -2.885218e-08     4.730211e-15
      88     5.033908e-08    -8.032112e-09     1.172797e-08     2.736083e-15
      89     3.995058e-08    -1.995996e-08    -9.130035e-09     2.077806e-15
      90     3.693345e-08     3.030568e-09     2.071565e-08     1.802402e-15
      91     3.140561e-08    -1.200485e-08    -2.174841e-09     1.135158e-15
      92     2.382543e-08     6.529483e-09     1.957182e-08     9.933415e-16
      93     1.937937e-08    -8.634160e-09    -3.006401e-09     4.591472e-16
      94     1.751252e-08     1.419176e-11     7.891649e-09     3.689667e-16
      95     1.281778e-08    -1.084514e-08    -8.956689e-09     3.621349e-16
      96     1.318822e-08    -1.851817e-09     3.415267e-09     1.890225e-16
      97     1.036941e-08    -5.580007e-09    -2.911648e-09     1.471387e-16
      98     9.739929e-09     1.341242e-09     6.198671e-09     1.350887e-16
      99     8.177868e-09    -3.271316e-09    -7.635312e-10     7.816201e-17

----------------------------------------------------------
Chute inicial: x0 = -0.070277, y0 = 0.586587, z0 = 0.905009
----------------------------------------------------------
    iter               f1               f2               f3                G
       1     3.254273e-01    -3.439248e+00    -6.934501e-01     1.241520e+01
       2     1.411542e+00    -2.425516e-01    -8.910636e-01     2.845276e+00
       3     8.830533e-01    -7.954043e-01     4.375735e-01     1.603922e+00
       4     7.578717e-01     5.304926e-01    -5.889709e-01     1.202679e+00
       5     3.247306e-01    -1.907218e-01    -5.069393e-02     1.443946e-01
       6     2.944287e-01    -1.919204e-02     9.278391e-02     9.566546e-02
       7     2.005090e-01    -1.475588e-01    -8.478004e-02     6.916512e-02
       8     1.999762e-01     3.747511e-02     1.290790e-01     5.805626e-02
       9     1.589936e-01    -6.338185e-02    -9.389694e-03     2.938439e-02
      10     1.139750e-01     2.332916e-02     7.862005e-02     1.971566e-02
      11     9.190497e-02    -3.762530e-02    -8.036528e-03     9.926773e-03
      12     6.885395e-02     2.165439e-02     5.870981e-02     8.656622e-03
      13     5.453091e-02    -2.462587e-02    -8.060175e-03     3.645020e-03
      14     4.889500e-02    -1.137598e-03     2.031049e-02     2.804532e-03
      15     3.557068e-02    -2.843604e-02    -2.176143e-02     2.547442e-03
      16     3.621523e-02    -6.348013e-03     7.824448e-03     1.413062e-03
      17     2.108805e-02    -2.114361e-02    -1.888585e-02     1.248433e-03
      18     2.232148e-02    -2.827693e-03     6.223643e-03     5.449783e-04
      19     1.730247e-02    -9.902266e-03    -5.530712e-03     4.280191e-04
      20     1.644089e-02     2.816137e-03     1.115787e-02     4.027317e-04
      21     1.364970e-02    -5.594133e-03    -1.405565e-03     2.195841e-04
      22     1.211287e-02    -7.600648e-04     4.411967e-03     1.667647e-04
      23     9.121743e-03    -6.427089e-03    -4.574889e-03     1.454433e-04
      24     9.131948e-03    -1.617901e-03     1.919515e-03     8.969462e-05
      25     5.447238e-03    -5.200413e-03    -4.588017e-03     7.776660e-05
      26     5.717571e-03    -6.984259e-04     1.624276e-03     3.581669e-05
      27     4.446754e-03    -2.566235e-03    -1.475167e-03     2.853531e-05
      28     4.241004e-03     7.995985e-04     2.987844e-03     2.755268e-05
      29     3.516105e-03    -1.463891e-03    -4.026811e-04     1.466813e-05
      30     3.135635e-03    -1.463969e-04     1.210664e-03     1.131935e-05
      31     2.349624e-03    -1.734427e-03    -1.294366e-03     1.020435e-05
      32     2.368426e-03    -3.922817e-04     5.329435e-04     6.047356e-06
      33     1.399275e-03    -1.447394e-03    -1.333795e-03     5.831927e-06
      34     1.490361e-03    -1.528872e-04     4.625827e-04     2.458535e-06
      35     1.149528e-03    -7.089899e-04    -4.448428e-04     2.021965e-06
      36     1.131935e-03    -2.180005e-04     2.131371e-04     1.374229e-06
      37     6.929150e-04    -5.761805e-04    -4.701942e-04     1.033198e-06
      38     7.109769e-04    -1.024213e-04     1.806403e-04     5.486092e-07
      39     5.598807e-04    -2.972679e-04    -1.516347e-04     4.248278e-07
      40     5.243026e-04     6.660798e-05     3.260428e-04     3.856338e-07
      41     4.412449e-04    -1.749774e-04    -3.906950e-05     2.268406e-07
      42     3.395343e-04     1.154072e-04     3.092054e-04     2.242103e-07
      43     2.718494e-04    -1.273680e-04    -5.063708e-05     9.268881e-08
      44     2.480545e-04     8.839401e-06     1.234999e-04     7.686141e-08
      45     2.131337e-04    -7.838384e-05    -1.055866e-05     5.168149e-08
      46     1.592987e-04     3.261198e-05     1.158602e-04     3.986320e-08
      47     1.316923e-04    -5.557527e-05    -1.622183e-05     2.069462e-08
      48     1.178110e-04    -4.215292e-06     4.723844e-05     1.612866e-08
      49     8.788318e-05    -6.696906e-05    -5.137732e-05     1.484794e-08
      50     8.900103e-05    -1.413930e-05     2.082007e-05     8.554579e-09
      51     7.060808e-05    -3.537659e-05    -1.626972e-05     6.501707e-09
      52     6.531321e-05     5.491232e-06     3.681217e-05     5.651105e-09
      53     5.551167e-05    -2.125470e-05    -3.891263e-06     3.548449e-09
      54     4.213921e-05     1.167193e-05     3.478284e-05     3.121793e-09
      55     3.425153e-05    -1.529459e-05    -5.359974e-06     1.435821e-09
      56     3.096504e-05     7.223481e-08     1.401768e-05     1.155335e-09
      57     2.264556e-05    -1.924139e-05    -1.593356e-05     1.136931e-09
      58     2.331558e-05    -3.256309e-06     6.061735e-06     5.909643e-10
      59     1.832528e-05    -9.889360e-06    -5.183628e-06     4.604852e-10
      60     1.722361e-05     2.409117e-06     1.101204e-05     4.237216e-10
      61     1.445411e-05    -5.792063e-06    -1.363196e-06     2.443275e-10
      62     1.281244e-05    -8.892664e-07     4.552682e-06     1.856763e-10
      63     9.723823e-06    -6.684779e-06    -4.701164e-06     1.613400e-10
      64     9.708062e-06    -1.704974e-06     2.050135e-06     1.013565e-10
      65     5.821121e-06    -5.560474e-06    -4.929701e-06     8.910627e-11
      66     6.111564e-06    -7.174439e-07     1.773638e-06     4.101173e-11
      67     4.751142e-06    -2.781293e-06    -1.638891e-06     3.299490e-11
      68     4.549142e-06     9.265100e-07     3.302396e-06     3.245894e-11
      69     3.761830e-06    -1.586278e-06    -4.617878e-07     1.688089e-11
      70     3.364911e-06    -1.219134e-07     1.347168e-06     1.315235e-11
      71     2.510806e-06    -1.910682e-06    -1.464429e-06     1.209940e-11
      72     2.542252e-06    -4.043233e-07     5.940832e-07     6.979458e-12
      73     2.017097e-06    -1.009862e-06    -4.638049e-07     5.303617e-12
      74     1.865565e-06     1.559094e-07     1.050220e-06     4.607604e-12
      75     1.585800e-06    -6.069337e-07    -1.108460e-07     2.895418e-12
      76     1.203629e-06     3.325657e-07     9.924126e-07     2.544205e-12
      77     9.784991e-07    -4.367121e-07    -1.528269e-07     1.171534e-12
      78     8.845299e-07     1.768917e-09     4.000226e-07     9.424143e-13
      79     6.470011e-07    -5.492323e-07    -4.545535e-07     9.268853e-13
      80     6.660467e-07    -9.312319e-08     1.730238e-07     4.822274e-13
      81     5.235338e-07    -2.823627e-07    -1.478694e-07     3.756817e-13
      82     4.919979e-07     6.860252e-08     3.142724e-07     3.455354e-13
      83     4.129288e-07    -1.654113e-07    -3.886709e-08     1.993818e-13
      84     3.660080e-07    -2.548243e-08     1.299474e-07     1.514976e-13
      85     2.778084e-07    -1.908518e-07    -1.341346e-07     1.315940e-13
      86     2.773330e-07    -4.873500e-08     5.852776e-08     8.271418e-14
      87     1.663168e-07    -1.587392e-07    -1.406712e-07     7.264781e-14
      88     1.745900e-07    -2.052284e-08     5.063040e-08     3.346630e-14
      89     1.357375e-07    -7.941537e-08    -4.676192e-08     2.691814e-14
      90     1.299494e-07     2.640842e-08     9.425665e-08     2.646856e-14
      91     1.074705e-07    -4.530194e-08    -1.317114e-08     1.377565e-14
      92     9.612500e-08    -3.504848e-09     3.845433e-08     1.073103e-14
      93     7.173451e-08    -5.455145e-08    -4.178864e-08     9.867992e-15
      94     7.262576e-08    -1.155879e-08     1.696020e-08     5.695755e-15
      95     5.762664e-08    -2.883768e-08    -1.323268e-08     4.327545e-15
      96     5.329246e-08     4.435997e-09     2.997690e-08     3.758379e-15
      97     4.530402e-08    -1.733446e-08    -3.160263e-09     2.362925e-15
      98     3.438229e-08     9.482984e-09     2.832583e-08     2.074421e-15
      99     2.795461e-08    -1.247163e-08    -4.359662e-09     9.560084e-16
     100     2.526820e-08     4.396150e-11     1.141845e-08     7.688647e-16
     101     1.848529e-08    -1.568069e-08    -1.297163e-08     7.558531e-16
     102     1.902727e-08    -2.662782e-09     4.939474e-09     3.935258e-16
     103     1.495700e-08    -8.062931e-09    -4.219134e-09     3.065237e-16
     104     1.405451e-08     1.954410e-09     8.970371e-09     2.818165e-16
     105     1.179683e-08    -4.724141e-09    -1.108428e-09     1.627113e-16
     106     1.045581e-08    -7.299974e-10     3.709463e-09     1.236170e-16
     107     7.936982e-09    -5.449263e-09    -3.827652e-09     1.073411e-16
     108     7.922751e-09    -1.393012e-09     1.670958e-09     6.750257e-17

----------------------------------------------------------
Chute inicial: x0 = -0.205643, y0 = -0.072611, z0 = 0.345045
----------------------------------------------------------
    iter               f1               f2               f3                G
       1     2.033035e+00    -1.451086e-01     6.554244e-01     4.583870e+00
       2    -4.787179e-01     6.390850e-01    -1.298833e+00     2.324568e+00
       3    -5.779954e-01     6.992091e-01     2.264536e-02     8.234848e-01
       4    -6.662252e-01    -1.382724e-01    -5.446247e-01     7.595914e-01
       5    -6.598445e-01     1.470729e-01     1.340053e-01     4.749826e-01
       6    -6.541525e-01     5.883142e-02    -1.006678e-01     4.415106e-01
       7    -6.395118e-01     1.447785e-01     8.692375e-02     4.374919e-01
       8    -6.344004e-01     7.179650e-02    -8.674165e-02     4.151427e-01
       9    -6.205336e-01     1.299997e-01     6.077152e-02     4.056550e-01
      10    -6.145998e-01     7.361643e-02    -7.430301e-02     3.886732e-01
      11    -5.999012e-01     1.188899e-01     4.324112e-02     3.758861e-01
      12    -5.862190e-01     2.927541e-02    -1.732268e-01     3.745173e-01
      13    -5.778754e-01     1.081513e-01     2.892928e-02     3.464735e-01
      14    -5.629073e-01     3.815134e-02    -1.426286e-01     3.386631e-01
      15    -5.542026e-01     1.005986e-01     2.006311e-02     3.176631e-01
      16    -5.382570e-01     4.240763e-02    -1.223800e-01     3.064958e-01
      17    -5.292065e-01     9.424110e-02     1.494067e-02     2.891641e-01
      18    -5.123976e-01     4.376894e-02    -1.087242e-01     2.762880e-01
      19    -5.030365e-01     8.868395e-02     1.232432e-02     2.610624e-01
      20    -4.855091e-01     4.314622e-02    -9.957076e-02     2.474951e-01
      21    -4.758867e-01     8.367817e-02     1.151146e-02     2.336027e-01
      22    -4.388986e-01    -6.634694e-04    -1.984618e-01     2.320195e-01
      23    -4.285777e-01     9.439151e-02     6.396365e-02     1.966799e-01
      24    -4.198097e-01     4.545838e-02    -6.473290e-02     1.824970e-01
      25    -3.998642e-01     9.244674e-02     6.970520e-02     1.732966e-01
      26    -3.912134e-01     4.071810e-02    -6.650677e-02     1.591291e-01
      27    -3.712780e-01     9.061215e-02     7.899709e-02     1.522984e-01
      28    -3.627769e-01     3.492201e-02    -6.999298e-02     1.377257e-01
      29    -3.429214e-01     9.019254e-02     9.204340e-02     1.342017e-01
      30    -3.347168e-01     2.840364e-02    -7.582597e-02     1.185917e-01
      31    -3.250425e-01     5.973265e-02     1.665911e-02     1.094981e-01
      32    -3.071503e-01     2.232863e-02    -8.152151e-02     1.014856e-01
      33    -2.977116e-01     5.719008e-02     2.245292e-02     9.240702e-02
      34    -2.805071e-01     1.529744e-02    -8.987005e-02     8.699487e-02
      35    -2.713424e-01     5.517070e-02     2.969556e-02     7.755234e-02
      36    -2.549725e-01     7.360543e-03    -1.016162e-01     7.539100e-02
      37    -2.461280e-01     5.390504e-02     3.874184e-02     6.498567e-02
      38    -2.385314e-01     2.593449e-02    -3.959431e-02     5.913754e-02
      39    -2.221477e-01     5.452403e-02     5.154471e-02     5.497934e-02
      40    -2.151860e-01     2.023837e-02    -4.572241e-02     4.880513e-02
      41    -1.996549e-01     5.635078e-02     6.867102e-02     4.775320e-02
      42    -1.933727e-01     1.372462e-02    -5.462022e-02     4.056472e-02
      43    -1.860918e-01     3.692704e-02     1.834112e-02     3.633015e-02
      44    -1.730439e-01     6.969475e-03    -6.563048e-02     3.430014e-02
      45    -1.662042e-01     3.626298e-02     2.645718e-02     2.963883e-02
      46    -1.603190e-01     1.759845e-02    -2.719973e-02     2.675173e-02
      47    -1.478606e-01     3.697013e-02     3.755879e-02     2.464021e-02
      48    -1.426233e-01     1.294837e-02    -3.278406e-02     2.158387e-02
      49    -1.310938e-01     3.898028e-02     5.257043e-02     2.146869e-02
      50    -1.265210e-01     7.662144e-03    -4.094856e-02     1.774306e-02
      51    -1.212152e-01     2.526553e-02     1.596489e-02     1.558634e-02
      52    -1.118999e-01     1.905602e-03    -5.172563e-02     1.520075e-02
      53    -1.069915e-01     2.531497e-02     2.356240e-02     1.264322e-02
      54    -1.029027e-01     1.011736e-02    -2.162260e-02     1.115887e-02
      55    -9.415091e-02     2.662355e-02     3.409391e-02     1.073560e-02
      56    -9.062533e-02     6.308315e-03    -2.734619e-02     9.000560e-03
      57    -8.665021e-02     1.776775e-02     1.058748e-02     7.936046e-03
      58    -7.964585e-02     2.044603e-03    -3.521562e-02     7.587782e-03
      59    -7.600806e-02     1.776080e-02     1.620002e-02     6.355112e-03
      60    -7.296427e-02     7.332624e-03    -1.509492e-02     5.605409e-03
      61    -6.651611e-02     1.866909e-02     2.395785e-02     5.346907e-03
      62    -6.391617e-02     4.520374e-03    -1.933034e-02     4.479373e-03
      63    -6.101172e-02     1.256063e-02     7.667453e-03     3.938989e-03
      64    -5.590998e-02     1.342379e-03    -2.530067e-02     3.767851e-03
      65    -5.327065e-02     1.259953e-02     1.192342e-02     3.138678e-03
      66    -5.107386e-02     5.048227e-03    -1.096582e-02     2.754273e-03
      67    -4.642621e-02     1.332653e-02     1.782238e-02     2.650627e-03
      68    -4.456760e-02     2.960130e-03    -1.422644e-02     2.197425e-03
      69    -4.248492e-02     8.911694e-03     5.897297e-03     1.919165e-03
      70    -3.885509e-02     5.715716e-04    -1.888712e-02     1.866768e-03
      71    -3.696907e-02     9.015942e-03     9.194167e-03     1.532532e-03
      72    -3.541890e-02     3.335045e-03    -8.202764e-03     1.332906e-03
      73    -3.212185e-02     9.647677e-03     1.378445e-02     1.314902e-03
      74    -3.082294e-02     1.775823e-03    -1.078075e-02     1.069432e-03
      75    -2.934902e-02     6.349036e-03     4.711193e-03     9.238708e-04
      76    -2.808133e-02     3.154685e-03    -4.892936e-03     8.224537e-04
      77    -2.547476e-02     6.520738e-03     7.328334e-03     7.451879e-04
      78    -2.440004e-02     2.113015e-03    -6.288346e-03     6.393702e-04
      79    -2.324464e-02     4.596169e-03     2.339214e-03     5.669100e-04
      80    -2.119317e-02     9.467594e-04    -8.341192e-03     5.196221e-04
      81    -2.015935e-02     4.546895e-03     3.844383e-03     4.418528e-04
      82    -1.928382e-02     2.052046e-03    -3.746737e-03     3.901147e-04
      83    -1.746743e-02     4.744248e-03     5.926319e-03     3.627403e-04
      84    -1.673096e-02     1.276857e-03    -4.885389e-03     3.054224e-04
      85    -1.592591e-02     3.263220e-03     1.975829e-03     2.681870e-04
      86    -1.451426e-02     3.929865e-04    -6.558877e-03     2.538371e-04
      87    -1.379267e-02     3.277977e-03     3.177615e-03     2.110801e-04
      88    -1.319379e-02     1.299522e-03    -2.910610e-03     1.842365e-04
      89    -1.193542e-02     3.485604e-03     4.850203e-03     1.781282e-04
      90    -1.143593e-02     7.189542e-04    -3.847069e-03     1.460973e-04
      91    -1.087740e-02     2.328875e-03     1.676465e-03     1.265520e-04
      92    -9.913211e-03     4.337370e-05    -5.220366e-03     1.255258e-04
      93    -9.410768e-03     2.382023e-03     2.643874e-03     1.012267e-04
      94    -9.004271e-03     7.954497e-04    -2.287735e-03     8.694337e-05
      95    -8.570077e-03     1.691036e-03     8.544837e-04     7.703596e-05
      96    -7.799575e-03     3.585417e-04    -3.057806e-03     7.031210e-05
      97    -7.412966e-03     1.672331e-03     1.420424e-03     5.976636e-05
      98    -7.085717e-03     7.548801e-04    -1.383821e-03     5.269219e-05
      99    -6.408426e-03     1.746507e-03     2.204877e-03     4.897969e-05
     100    -6.134378e-03     4.640994e-04    -1.814639e-03     4.113890e-05
     101    -5.835181e-03     1.201632e-03     7.454103e-04     3.604889e-05
     102    -5.311850e-03     1.311505e-04    -2.452658e-03     3.424848e-05
     103    -5.044316e-03     1.210394e-03     1.203003e-03     2.835740e-05
     104    -4.823169e-03     4.682230e-04    -1.091503e-03     2.467357e-05
     105    -4.358104e-03     1.292289e-03     1.841034e-03     2.405249e-05
     106    -4.174428e-03     2.498613e-04    -1.450715e-03     1.959285e-05
     107    -3.968330e-03     8.593901e-04     6.445797e-04     1.690168e-05
     108    -3.791283e-03     4.266863e-04    -6.677361e-04     1.500176e-05
     109    -3.428849e-03     8.838649e-04     1.016658e-03     1.357181e-05
     110    -3.280089e-03     2.800224e-04    -8.680872e-04     1.159097e-05
     111    -3.120513e-03     6.229123e-04     3.347857e-04     1.023771e-05
     112    -2.838521e-03     1.146703e-04    -1.167085e-03     9.432440e-06
     113    -2.696472e-03     6.192331e-04     5.530328e-04     7.960254e-06
     114    -2.577053e-03     2.677920e-04    -5.266236e-04     6.990245e-06
     115    -2.328978e-03     6.511354e-04     8.562905e-04     6.581349e-06
     116    -2.229343e-03     1.582705e-04    -6.947048e-04     5.477635e-06
     117    -2.119770e-03     4.435744e-04     2.940351e-04     4.776639e-06
     118    -1.929222e-03     3.182057e-05    -9.438045e-04     4.613676e-06
     119    -1.831164e-03     4.499145e-04     4.714451e-04     3.777847e-06
     120    -1.750876e-03     1.633871e-04    -4.183966e-04     3.267317e-06
     121    -1.581032e-03     4.843354e-04     7.193366e-04     3.251687e-06
     122    -1.514621e-03     8.083941e-05    -5.591121e-04     2.613217e-06
     123    -1.439298e-03     3.181733e-04     2.550570e-04     2.237866e-06
     124    -1.375076e-03     1.507134e-04    -2.557082e-04     1.978936e-06
     125    -1.242995e-03     3.298847e-04     3.997941e-04     1.813697e-06
     126    -1.189204e-03     9.553924e-05    -3.345790e-04     1.535276e-06
     127    -1.131018e-03     2.296893e-04     1.341685e-04     1.349960e-06
     128    -1.028802e-03     3.275147e-05    -4.520993e-04     1.263899e-06
     129    -9.769328e-04     2.300688e-04     2.191171e-04     1.055342e-06
     130    -9.337476e-04     9.343447e-05    -2.027131e-04     9.217071e-07
     131    -8.434666e-04     2.441355e-04     3.374459e-04     8.849078e-07
     132    -8.075655e-04     5.207842e-05    -2.689688e-04     7.272184e-07
     133    -7.676437e-04     1.640326e-04     1.175976e-04     6.300128e-07
     134    -6.987333e-04     3.863785e-06    -3.670111e-04     6.229403e-07
     135    -6.629304e-04     1.678190e-04     1.868358e-04     5.025475e-07
     136    -6.339712e-04     5.605008e-05    -1.617342e-04     4.312190e-07
     137    -6.030871e-04     1.192449e-04     6.102099e-05     3.816570e-07
     138    -5.483504e-04     2.476036e-05    -2.172202e-04     3.484859e-07
     139    -5.209108e-04     1.180511e-04     1.017791e-04     2.956431e-07
     140    -4.977294e-04     5.272840e-05    -9.855385e-05     2.602277e-07
     141    -4.497593e-04     1.235508e-04     1.583616e-04     2.426266e-07
     142    -4.304032e-04     3.193469e-05    -1.297588e-04     2.031041e-07
     143    -4.092441e-04     8.480454e-05     5.408012e-05     1.775972e-07
     144    -3.723294e-04     8.029622e-06    -1.761349e-04     1.697171e-07
     145    -3.534257e-04     8.567989e-05     8.726540e-05     1.398660e-07
     146    -3.378650e-04     3.226425e-05    -7.840767e-05     1.213415e-07
     147    -3.050805e-04     9.183514e-05     1.335980e-04     1.193562e-07
     148    -2.921936e-04     1.661473e-05    -1.046095e-04     9.659633e-08
     149    -2.776720e-04     6.075779e-05     4.718539e-05     8.301970e-08
     150    -2.652451e-04     2.947105e-05    -4.805640e-05     7.353290e-08
     151    -2.397580e-04     6.274939e-05     7.427897e-05     6.693877e-08
     152    -2.293417e-04     1.898039e-05    -6.274770e-05     5.689514e-08
     153    -2.181242e-04     4.395583e-05     2.476893e-05     5.012378e-08
     154    -1.983683e-04     7.089158e-06    -8.468406e-05     4.657164e-08
     155    -1.883806e-04     4.388321e-05     4.069568e-05     3.906912e-08
     156    -1.800302e-04     1.831979e-05    -3.810623e-05     3.419858e-08
     157    -1.626268e-04     4.639012e-05     6.286298e-05     3.255127e-08
     158    -1.556776e-04     1.046807e-05    -5.047093e-05     2.689242e-08
     159    -1.479887e-04     3.135637e-05     2.180645e-05     2.335940e-08
     160    -1.346777e-04     1.346990e-06    -6.879607e-05     2.287279e-08
     161    -1.277903e-04     3.197278e-05     3.479270e-05     1.856316e-08
     162    -1.221927e-04     1.104188e-05    -3.040425e-05     1.597739e-08
     163    -1.162436e-04     2.283589e-05     1.127935e-05     1.416128e-08
     164    -1.056779e-04     5.108161e-06    -4.077535e-05     1.285655e-08
     165    -1.003972e-04     2.254167e-05     1.893169e-05     1.094612e-08
     166    -9.592050e-05     1.029530e-05    -1.856162e-05     9.651270e-09
     167    -8.667964e-05     2.351083e-05     2.954590e-05     8.939079e-09
     168    -8.293827e-05     6.343191e-06    -2.439159e-05     7.513943e-09
     169    -7.886499e-05     1.622388e-05     1.003562e-05     6.583614e-09
     170    -7.174108e-05     1.815649e-06    -3.306774e-05     6.243555e-09
     171    -6.810553e-05     1.634146e-05     1.626618e-05     5.169996e-09
     172    -6.510070e-05     6.323800e-06    -1.476127e-05     4.495987e-09
     173    -5.878821e-05     1.745463e-05     2.495885e-05     4.383662e-09
     174    -5.629673e-05     3.353422e-06    -1.966117e-05     3.567129e-09
     175    -5.350269e-05     1.161108e-05     8.779690e-06     3.074438e-09
     176    -5.110463e-05     5.738959e-06    -9.062014e-06     2.726739e-09
     177    -4.619652e-05     1.195331e-05     1.386596e-05     2.469265e-09
     178    -4.418480e-05     3.743340e-06    -1.180782e-05     2.105734e-09
     179    -4.202580e-05     8.414372e-06     4.594541e-06     1.858079e-09
     180    -3.821531e-05     1.489118e-06    -1.591322e-05     1.715858e-09
     181    -3.629457e-05     8.376775e-06     7.586633e-06     1.445023e-09
     182    -3.468305e-05     3.578694e-06    -7.180904e-06     1.267286e-09
     183    -3.133269e-05     8.826008e-06     1.174782e-05     1.197647e-09
     184    -2.999017e-05     2.087087e-06    -9.493703e-06     9.938969e-10
     185    -2.851088e-05     5.996433e-06     4.056015e-06     8.652789e-10
     186    -2.594334e-05     3.601149e-07    -1.292498e-05     8.402418e-10
     187    -2.461951e-05     6.095921e-06     6.495181e-06     6.854679e-10
     188    -2.353899e-05     2.167409e-06    -5.725919e-06     5.915681e-10
     189    -2.239407e-05     4.373812e-06     2.089936e-06     5.249925e-10
     190    -2.035683e-05     1.041609e-06    -7.667068e-06     4.742694e-10
     191    -1.934124e-05     4.306082e-06     3.528197e-06     4.050742e-10
     192    -1.847762e-05     2.006323e-06    -3.500494e-06     3.577014e-10
     193    -1.669876e-05     4.476966e-06     5.521415e-06     3.293778e-10
     194    -1.597632e-05     1.254928e-06    -4.590961e-06     2.778946e-10
     195    -1.519263e-05     3.104460e-06     1.865082e-06     2.439323e-10
     196    -1.381889e-05     3.970150e-07    -6.215597e-06     2.297530e-10
     197    -1.312000e-05     3.118042e-06     3.035758e-06     1.910724e-10
     198    -1.254019e-05     1.237102e-06    -2.781684e-06     1.665245e-10
     199    -1.132531e-05     3.319478e-06     4.667853e-06     1.610704e-10
     200    -1.084399e-05     6.731038e-07    -3.698713e-06     1.317256e-10
     201    -1.030660e-05     2.219499e-06     1.635153e-06     1.138258e-10
     202    -9.381583e-06     1.323750e-08    -5.055364e-06     1.135710e-10
     203    -8.899278e-06     2.277951e-06     2.590552e-06     9.109716e-11
     204    -8.510967e-06     7.366596e-07    -2.223595e-06     7.792360e-11
     205    -8.095555e-06     1.610991e-06     8.528094e-07     6.886058e-11
     206    -7.360893e-06     3.091912e-07    -2.992283e-06     6.323210e-11
     207    -6.991597e-06     1.599457e-06     1.415162e-06     5.344338e-11
     208    -6.680716e-06     6.983100e-07    -1.353961e-06     4.695281e-11
     209    -6.035891e-06     1.679835e-06     2.196614e-06     4.407893e-11
     210    -5.776638e-06     4.148748e-07    -1.786735e-06     3.673409e-11
     211    -5.492085e-06     1.146938e-06     7.547071e-07     3.204805e-11
     212    -4.996984e-06     8.779631e-08    -2.429422e-06     3.087965e-11
     213    -4.742556e-06     1.162562e-06     1.212989e-06     2.531472e-11
     214    -4.534048e-06     4.248852e-07    -1.078798e-06     2.190192e-11
     215    -4.093423e-06     1.250770e-06     1.853359e-06     2.175547e-11
     216    -3.921010e-06     2.112390e-07    -1.442202e-06     1.749888e-11
     217    -3.725713e-06     8.227439e-07     6.576706e-07     1.499038e-11
     218    -3.559145e-06     3.907158e-07    -6.603806e-07     1.325628e-11
     219    -3.216756e-06     8.527375e-07     1.032060e-06     1.213983e-11
     220    -3.077291e-06     2.478276e-07    -8.643808e-07     1.027829e-11
     221    -2.926525e-06     5.941292e-07     3.466293e-07     9.037688e-12
     222    -2.661663e-06     8.522706e-08    -1.168642e-06     8.457438e-12
     223    -2.527315e-06     5.950634e-07     5.666308e-07     7.062492e-12
     224    -2.415453e-06     2.418040e-07    -5.243361e-07     6.167812e-12
     225    -2.181659e-06     6.314505e-07     8.731174e-07     5.920702e-12
     226    -2.088694e-06     1.346928e-07    -6.959781e-07     4.865172e-12
     227    -1.985338e-06     4.243343e-07     3.045332e-07     4.214369e-12
     228    -1.806958e-06     9.780790e-09    -9.501252e-07     4.167929e-12
     229    -1.714282e-06     4.342039e-07     4.840211e-07     3.361573e-12
     230    -1.639340e-06     1.447967e-07    -4.188280e-07     2.883819e-12
     231    -1.559413e-06     3.084753e-07     1.582633e-07     2.551975e-12
     232    -1.417785e-06     6.371957e-08    -5.627636e-07     2.330877e-12
     233    -1.346781e-06     3.054535e-07     2.639687e-07     1.976802e-12
     234    -1.286816e-06     1.361790e-07    -2.553412e-07     1.739638e-12
     235    -1.162713e-06     3.197876e-07     4.107378e-07     1.622871e-12
     236    -1.112656e-06     8.231035e-08    -3.363242e-07     1.357892e-12
     237    -1.057920e-06     2.194065e-07     1.404082e-07     1.187049e-12
     238    -9.624571e-07     2.035183e-08    -4.567052e-07     1.135318e-12
     239    -9.135571e-07     2.217548e-07     2.265206e-07     9.350734e-13
     240    -8.733253e-07     8.322176e-08    -2.032854e-07     8.109479e-13
     241    -7.885384e-07     2.377963e-07     3.467650e-07     7.985858e-13
     242    -7.552292e-07     4.267009e-08    -2.713185e-07     6.458056e-13
     243    -7.176735e-07     1.572228e-07     1.225773e-07     5.547995e-13
     244    -6.855493e-07     7.605458e-08    -1.246038e-07     4.912883e-13
     245    -6.196480e-07     1.624536e-07     1.929048e-07     4.475671e-13
     246    -5.927273e-07     4.887748e-08    -1.627662e-07     3.802076e-13
     247    -5.637225e-07     1.137190e-07     6.440477e-08     3.348630e-13
     248    -5.126590e-07     1.805419e-08    -2.197477e-07     3.114343e-13
     249    -4.868324e-07     1.135841e-07     1.057521e-07     2.610907e-13
     250    -4.652528e-07     4.723333e-08    -9.884908e-08     2.284623e-13
     251    -4.202607e-07     1.201411e-07     1.633097e-07     2.177230e-13
     252    -4.023067e-07     2.688770e-08    -1.309747e-07     1.797280e-13
     253    -3.824280e-07     8.113806e-08     5.670553e-08     1.560501e-13
     254    -3.480305e-07     3.237970e-09    -1.785847e-07     1.530282e-13
     255    -3.302220e-07     8.277891e-08     9.042736e-08     1.240760e-13
     256    -3.157595e-07     2.843393e-08    -7.889821e-08     1.067375e-13
     257    -3.003812e-07     5.907456e-08     2.935952e-08     9.458063e-14
     258    -2.730789e-07     1.305344e-08    -1.058491e-07     8.594652e-14
     259    -2.594268e-07     5.834262e-08     4.923032e-08     7.312974e-14
     260    -2.478605e-07     2.654363e-08    -4.816073e-08     6.445886e-14
     261    -2.239756e-07     6.088848e-08     7.679722e-08     5.977029e-14
     262    -2.143112e-07     1.630372e-08    -6.331392e-08     5.020376e-14
     263    -2.037822e-07     4.197766e-08     2.611511e-08     4.397130e-14
     264    -1.853761e-07     4.564910e-09    -8.586176e-08     4.175738e-14
     265    -1.759773e-07     4.230607e-08     4.229676e-08     3.454683e-14
     266    -1.682150e-07     1.628882e-08    -3.831087e-08     3.002932e-14
     267    -1.518996e-07     4.521806e-08     6.487630e-08     2.932710e-14
     268    -1.454651e-07     8.590439e-09    -5.104683e-08     2.383967e-14
     269    -1.382428e-07     3.004908e-08     2.284159e-08     2.053576e-14
     270    -1.320476e-07     1.479860e-08    -2.351396e-08     1.820848e-14
     271    -1.193631e-07     3.095416e-08     3.605292e-08     1.650553e-14
     272    -1.141670e-07     9.628642e-09    -3.065252e-08     1.406639e-14
     273    -1.085868e-07     2.176909e-08     1.196260e-08     1.240810e-14
     274    -9.874244e-08     3.784636e-09    -4.132353e-08     1.147203e-14
     275    -9.377740e-08     2.168410e-08     1.973389e-08     9.653828e-15
     276    -8.961460e-08     9.221253e-09    -1.863743e-08     8.463162e-15
     277    -8.095599e-08     2.286238e-08     3.054349e-08     8.009465e-15
     278    -7.748889e-08     5.355945e-09    -2.464994e-08     6.640833e-15
     279    -7.366542e-08     1.551681e-08     1.055627e-08     5.778800e-15
     280    -6.703270e-08     8.775789e-10    -3.356857e-08     5.621002e-15
     281    -6.361044e-08     1.578407e-08     1.689215e-08     4.580770e-15
     282    -6.081961e-08     5.578790e-09    -1.486424e-08     3.951094e-15
     283    -5.786064e-08     1.131443e-08     5.444234e-09     3.505510e-15
     284    -5.259761e-08     2.660577e-09    -1.991038e-08     3.170011e-15
     285    -4.997255e-08     1.114534e-08     9.179813e-09     2.705744e-15
     286    -4.774174e-08     5.171492e-09    -9.084849e-09     2.388553e-15
     287    -4.314473e-08     1.159537e-08     1.435776e-08     2.202065e-15
     288    -4.127898e-08     3.224637e-09    -1.192006e-08     1.856440e-15
     289    -3.925353e-08     8.032394e-09     4.855822e-09     1.628938e-15
     290    -3.570479e-08     1.000201e-09    -1.614321e-08     1.536436e-15
     291    -3.389821e-08     8.072410e-09     7.896713e-09     1.276611e-15
     292    -3.240061e-08     3.186056e-09    -7.220784e-09     1.112090e-15
     293    -2.926101e-08     8.599950e-09     1.213684e-08     1.077469e-15
     294    -2.801813e-08     1.724328e-09    -9.604858e-09     8.802421e-16
     295    -2.662917e-08     5.743944e-09     4.255479e-09     7.602147e-16
     296    -2.423976e-08     1.293632e-11    -1.313124e-08     7.599956e-16
     297    -2.299293e-08     5.899063e-09     6.737386e-09     6.088662e-16
     298    -2.199006e-08     1.894776e-09    -5.773099e-09     5.204817e-16
     299    -2.091648e-08     4.167757e-09     2.221145e-09     4.598026e-16
     300    -1.901864e-08     7.865788e-10    -7.771391e-09     4.227221e-16
     301    -1.806410e-08     4.140319e-09     3.681848e-09     3.570098e-16
     302    -1.726111e-08     1.799297e-09    -3.514383e-09     3.135342e-16
     303    -1.559474e-08     4.351388e-09     5.712015e-09     2.947577e-16
     304    -1.492526e-08     1.064826e-09    -4.639591e-09     2.454230e-16
     305    -1.418983e-08     2.967839e-09     1.964641e-09     2.140192e-16
     306    -1.291091e-08     2.166543e-10    -6.310232e-09     2.065576e-16
     307    -1.225322e-08     3.010167e-09     3.155122e-09     1.691573e-16
     308    -1.171470e-08     1.093686e-09    -2.800669e-09     1.462740e-16
     309    -1.057599e-08     3.240886e-09     4.818860e-09     1.455763e-16
     310    -1.013082e-08     5.399041e-10    -3.745434e-09     1.169532e-16
     311    -9.626043e-09     2.129442e-09     1.711401e-09     1.001241e-16
     312    -9.195796e-09     1.007133e-09    -1.713939e-09     8.851457e-17

----------------------------------------------------------
Chute inicial: x0 = -0.972917, y0 = -0.318472, z0 = -0.530737
----------------------------------------------------------
    iter               f1               f2               f3                G
       1     6.973926e+00     5.754452e+00     4.676955e+00     1.036233e+02
       2    -6.795660e-01    -4.176274e-01     3.680269e+00     1.418060e+01
       3    -6.753839e-01    -1.231459e+00    -1.750228e+00     5.035933e+00
       4    -7.059735e-01    -3.168880e-01     1.990734e-01     6.384468e-01
       5    -6.246608e-01     6.949626e-02    -1.561145e-01     4.194026e-01
       6    -6.194775e-01     1.205706e-01     6.744756e-03     3.983351e-01
       7    -6.083650e-01     5.501460e-02    -1.160113e-01     3.865932e-01
       8    -6.006923e-01     1.017691e-01     2.394172e-03     3.711939e-01
       9    -5.712994e-01     1.980369e-02    -1.940718e-01     3.644390e-01
      10    -5.626718e-01     1.098872e-01     3.970801e-02     3.302515e-01
      11    -5.472796e-01     2.841699e-02    -1.613400e-01     3.263531e-01
      12    -5.382219e-01     1.016268e-01     3.046255e-02     3.009388e-01
      13    -5.218431e-01     3.304537e-02    -1.400590e-01     2.930287e-01
      14    -5.124677e-01     9.508166e-02     2.508254e-02     2.722928e-01
      15    -4.953098e-01     3.452625e-02    -1.259688e-01     2.623920e-01
      16    -4.856586e-01     8.941312e-02     2.246461e-02     2.443636e-01
      17    -4.678789e-01     3.385111e-02    -1.169190e-01     2.337266e-01
      18    -4.580090e-01     8.439366e-02     2.188354e-02     2.173734e-01
      19    -4.397877e-01     3.157182e-02    -1.117097e-01     2.068890e-01
      20    -4.297669e-01     7.989665e-02     2.293907e-02     1.916093e-01
      21    -4.112991e-01     2.801256e-02    -1.097146e-01     1.819890e-01
      22    -4.012029e-01     7.587534e-02     2.543483e-02     1.673678e-01
      23    -3.826940e-01     2.335017e-02    -1.106849e-01     1.592511e-01
      24    -3.726012e-01     7.233848e-02     2.932188e-02     1.449243e-01
      25    -3.542603e-01     1.765614e-02    -1.146513e-01     1.389570e-01
      26    -3.442490e-01     6.933743e-02     3.467185e-02     1.245172e-01
      27    -3.262821e-01     1.091592e-02    -1.218817e-01     1.214343e-01
      28    -3.164253e-01     6.695913e-02     4.166778e-02     1.063447e-01
      29    -3.078597e-01     3.481029e-02    -4.577591e-02     9.808479e-02
      30    -2.892792e-01     6.654485e-02     5.238467e-02     9.085482e-02
      31    -2.811846e-01     2.915721e-02    -5.030016e-02     8.244501e-02
      32    -2.632167e-01     6.690953e-02     6.669298e-02     7.820786e-02
      33    -2.556512e-01     2.273609e-02    -5.701300e-02     6.912496e-02
      34    -2.383332e-01     6.903010e-02     8.565543e-02     6.890474e-02
      35    -2.314170e-01     1.550532e-02    -6.683427e-02     5.826107e-02
      36    -2.232122e-01     4.432218e-02     2.185143e-02     5.226562e-02
      37    -2.084891e-01     8.245962e-03    -7.826735e-02     4.966147e-02
      38    -2.007008e-01     4.340479e-02     3.040229e-02     4.308907e-02
      39    -1.939752e-01     2.148173e-02    -3.179144e-02     3.909854e-02
      40    -1.796700e-01     4.398123e-02     4.216608e-02     3.599365e-02
      41    -1.736018e-01     1.635416e-02    -3.753724e-02     3.181407e-02
      42    -1.602302e-01     4.583617e-02     5.795438e-02     3.113337e-02
      43    -1.548487e-01     1.054187e-02    -4.591899e-02     2.619779e-02
      44    -1.486488e-01     3.006779e-02     1.657873e-02     2.327538e-02
      45    -1.376325e-01     4.344308e-03    -5.673238e-02     2.218015e-02
      46    -1.318640e-01     2.977697e-02     2.436643e-02     1.886851e-02
      47    -1.269679e-01     1.334840e-02    -2.371164e-02     1.686126e-02
      48    -1.165753e-01     3.078503e-02     3.507388e-02     1.576771e-02
      49    -1.122901e-01     9.178199e-03    -2.932926e-02     1.355350e-02
      50    -1.075469e-01     2.111882e-02     1.012865e-02     1.211494e-02
      51    -9.905387e-02     4.598737e-03    -3.698621e-02     1.120080e-02
      52    -9.470170e-02     2.076596e-02     1.576257e-02     9.648096e-03
      53    -9.096878e-02     9.979441e-03    -1.604087e-02     8.632217e-03
      54    -8.316934e-02     2.133841e-02     2.345671e-02     7.922683e-03
      55    -7.993467e-02     6.903793e-03    -2.006747e-02     6.839917e-03
      56    -7.641380e-02     1.490857e-02     6.949159e-03     6.109624e-03
      57    -7.010935e-02     3.510196e-03    -2.574098e-02     5.590241e-03
      58    -6.691101e-02     1.464284e-02     1.114326e-02     4.815668e-03
      59    -6.416776e-02     7.076517e-03    -1.136919e-02     4.296837e-03
      60    -5.847009e-02     1.506621e-02     1.688343e-02     3.930792e-03
      61    -5.611601e-02     4.801685e-03    -1.440503e-02     3.379567e-03
      62    -5.356328e-02     1.054127e-02     5.189961e-03     3.007079e-03
      63    -4.901312e-02     2.272266e-03    -1.876201e-02     2.759462e-03
      64    -4.670863e-02     1.039689e-02     8.389908e-03     2.360182e-03
      65    -4.474570e-02     4.834880e-03    -8.333284e-03     2.094997e-03
      66    -4.066645e-02     1.077705e-02     1.279201e-02     1.933541e-03
      67    -3.899725e-02     3.148373e-03    -1.070308e-02     1.645254e-03
      68    -3.717794e-02     7.465477e-03     4.096097e-03     1.454710e-03
      69    -3.396073e-02     1.250643e-03    -1.413661e-02     1.354739e-03
      70    -3.232319e-02     7.428462e-03     6.585369e-03     1.143338e-03
      71    -3.094567e-02     3.201698e-03    -6.264222e-03     1.007126e-03
      72    -2.806672e-02     7.795753e-03     1.003025e-02     9.491207e-04
      73    -2.690562e-02     1.946473e-03    -8.157214e-03     7.942415e-04
      74    -2.562428e-02     5.302650e-03     3.339636e-03     6.958751e-04
      75    -2.338339e-02     5.118587e-04    -1.091146e-02     6.661048e-04
      76    -2.223032e-02     5.344298e-03     5.305157e-03     5.508933e-04
      77    -2.127746e-02     2.055296e-03    -4.801811e-03     4.800117e-04
      78    -1.926538e-02     5.700426e-03     8.041088e-03     4.683089e-04
      79    -1.846950e-02     1.115654e-03    -6.336496e-03     3.825183e-04
      80    -1.757397e-02     3.783459e-03     2.771052e-03     3.308377e-04
      81    -1.603026e-02     2.199360e-05    -8.572060e-03     3.304498e-04
      82    -1.522264e-02     3.875301e-03     4.340687e-03     2.655883e-04
      83    -1.457073e-02     1.272335e-03    -3.737854e-03     2.278965e-04
      84    -1.387248e-02     2.742474e-03     1.398543e-03     2.019228e-04
      85    -1.263369e-02     5.674742e-04    -4.984135e-03     1.847738e-04
      86    -1.201084e-02     2.714107e-03     2.312744e-03     1.569754e-04
      87    -1.148386e-02     1.219961e-03    -2.248230e-03     1.384218e-04
      88    -1.039175e-02     2.835354e-03     3.579259e-03     1.288388e-04
      89    -9.949820e-03     7.508903e-04    -2.943315e-03     1.082258e-04
      90    -9.466753e-03     1.948633e-03     1.205407e-03     9.486959e-05
      91    -8.621447e-03     2.142706e-04    -3.969667e-03     9.013352e-05
      92    -8.189061e-03     1.962001e-03     1.941325e-03     7.467890e-05
      93    -7.831398e-03     7.618688e-04    -1.763891e-03     6.502255e-05
      94    -7.079072e-03     2.093074e-03     2.966923e-03     6.329686e-05
      95    -6.781636e-03     4.098879e-04    -2.340558e-03     5.163681e-05
      96    -6.448011e-03     1.392809e-03     1.034959e-03     4.458790e-05
      97    -6.161123e-03     6.954450e-04    -1.076927e-03     3.960285e-05
      98    -5.573939e-03     1.430905e-03     1.631826e-03     3.577914e-05
      99    -5.332614e-03     4.589919e-04    -1.397558e-03     3.060061e-05
     100    -5.073950e-03     1.009949e-03     5.346395e-04     2.705081e-05
     101    -4.616350e-03     1.928726e-04    -1.875588e-03     2.486571e-05
     102    -4.386033e-03     1.002643e-03     8.841313e-04     2.102427e-05
     103    -4.192064e-03     4.384296e-04    -8.466782e-04     1.848249e-05
     104    -3.789472e-03     1.052427e-03     1.369416e-03     1.734300e-05
     105    -3.627458e-03     2.619928e-04    -1.115002e-03     1.447032e-05
     106    -3.449608e-03     7.187411e-04     4.681974e-04     1.263559e-05
     107    -3.139833e-03     5.874938e-05    -1.512463e-03     1.214955e-05
     108    -2.980695e-03     7.276398e-04     7.517660e-04     9.979156e-06
     109    -2.850053e-03     2.689003e-04    -6.710443e-04     8.645409e-06
     110    -2.574122e-03     7.815422e-04     1.147761e-03     8.554266e-06
     111    -2.465928e-03     1.360595e-04    -8.953340e-04     6.900937e-06
     112    -2.343574e-03     5.151035e-04     4.055186e-04     5.922118e-06
     113    -2.239033e-03     2.472550e-04    -4.101326e-04     5.242611e-06
     114    -2.024301e-03     5.328655e-04     6.366074e-04     4.787008e-06
     115    -1.936654e-03     1.583524e-04    -5.356497e-04     4.062623e-06
     116    -1.842068e-03     3.722638e-04     2.125252e-04     3.576960e-06
     117    -1.675622e-03     5.744771e-05    -7.227266e-04     3.333345e-06
     118    -1.591336e-03     3.720779e-04     3.481077e-04     2.791970e-06
     119    -1.520964e-03     1.538781e-04    -3.245936e-04     2.442370e-06
     120    -1.374112e-03     3.938089e-04     5.368364e-04     2.331463e-06
     121    -1.315547e-03     8.731267e-05    -4.299719e-04     1.923162e-06
     122    -1.250629e-03     2.656282e-04     1.863142e-04     1.669344e-06
     123    -1.138329e-03     9.922940e-06    -5.859557e-04     1.639236e-06
     124    -1.080144e-03     2.710869e-04     2.967251e-04     1.328245e-06
     125    -1.032913e-03     9.279926e-05    -2.586300e-04     1.142410e-06
     126    -9.826639e-04     1.933376e-04     9.629460e-05     1.012280e-06
     127    -8.934592e-04     4.250205e-05    -3.468333e-04     9.203690e-07
     128    -8.488351e-04     1.909759e-04     1.613004e-04     7.830106e-07
     129    -8.110337e-04     8.679485e-05    -1.577069e-04     6.901805e-07
     130    -7.329507e-04     1.993304e-04     2.514747e-04     6.401888e-07
     131    -7.013573e-04     5.331035e-05    -2.072711e-04     5.377053e-07
     132    -6.669280e-04     1.373850e-04     8.546156e-05     4.709712e-07
     133    -6.067385e-04     1.492854e-05    -2.809818e-04     4.473053e-07
     134    -5.759989e-04     1.384547e-04     1.383555e-04     3.700866e-07
     135    -5.506096e-04     5.332595e-05    -1.253321e-04     3.217228e-07
     136    -4.972407e-04     1.479701e-04     2.121565e-04     3.141538e-07
     137    -4.761900e-04     2.815522e-05    -1.669518e-04     2.554226e-07
     138    -4.525622e-04     9.833558e-05     7.465111e-05     2.200552e-07
     139    -4.322917e-04     4.846654e-05    -7.689516e-05     1.951379e-07
     140    -3.907882e-04     1.012815e-04     1.178158e-04     1.768539e-07
     141    -3.737833e-04     3.156284e-05    -1.002103e-04     1.507523e-07
     142    -3.555233e-04     7.124259e-05     3.906069e-05     1.329981e-07
     143    -3.233038e-04     1.246047e-05    -1.350558e-04     1.229207e-07
     144    -3.070558e-04     7.094962e-05     6.444306e-05     1.034700e-07
     145    -2.934293e-04     3.022459e-05    -6.091374e-05     9.072477e-08
     146    -2.650898e-04     7.478396e-05     9.974518e-05     8.581433e-08
     147    -2.537384e-04     1.758819e-05    -8.054220e-05     7.117956e-08
     148    -2.412238e-04     5.077569e-05     3.444961e-05     6.195387e-08
     149    -2.195086e-04     2.953064e-06    -1.096547e-04     6.021690e-08
     150    -2.083074e-04     5.163440e-05     5.513678e-05     4.909814e-08
     151    -1.991689e-04     1.830295e-05    -4.856064e-05     4.236139e-08
     152    -1.894824e-04     3.702914e-05     1.775180e-05     3.758987e-08
     153    -1.722495e-04     8.765135e-06    -6.502796e-05     3.397537e-08
     154    -1.636563e-04     3.646517e-05     2.994769e-05     2.900995e-08
     155    -1.563510e-04     1.695805e-05    -2.967853e-05     2.561402e-08
     156    -1.413002e-04     3.792346e-05     4.685041e-05     2.359890e-08
     157    -1.351894e-04     1.059344e-05    -3.892896e-05     1.990385e-08
     158    -1.285581e-04     2.628494e-05     1.583183e-05     1.746873e-08
     159    -1.169362e-04     3.324540e-06    -5.270817e-05     1.646328e-08
     160    -1.110218e-04     2.640637e-05     2.575766e-05     1.368660e-08
     161    -1.061167e-04     1.045488e-05    -2.358213e-05     1.192618e-08
     162    -9.583656e-05     2.811999e-05     3.959644e-05     1.154326e-08
     163    -9.176493e-05     5.677118e-06    -3.135974e-05     9.436466e-09
     164    -8.721723e-05     1.879355e-05     1.387446e-05     8.152544e-09
     165    -7.939096e-05     8.588709e-08    -4.286436e-05     8.140285e-09
     166    -7.530904e-05     1.929304e-05     2.197446e-05     6.526550e-09
     167    -7.202378e-05     6.223704e-06    -1.884982e-05     5.581475e-09
     168    -6.850833e-05     1.363922e-05     7.237219e-06     4.931797e-09
     169    -6.229212e-05     2.602300e-06    -2.536820e-05     4.530626e-09
     170    -5.916671e-05     1.354431e-05     1.200449e-05     3.828255e-09
     171    -5.653630e-05     5.903906e-06    -1.147603e-05     3.362909e-09
     172    -5.107938e-05     1.422830e-05     1.862949e-05     3.158605e-09
     173    -4.888594e-05     3.503076e-06    -1.514595e-05     2.631506e-09
     174    -4.647774e-05     9.711050e-06     6.402713e-06     2.295479e-09
     175    -4.228837e-05     7.319321e-07    -2.059536e-05     2.213011e-09
     176    -4.013495e-05     9.845362e-06     1.028764e-05     1.813581e-09
     177    -3.837070e-05     3.591330e-06    -9.143751e-06     1.568817e-09
     178    -3.464166e-05     1.059481e-05     1.571639e-05     1.559300e-09
     179    -3.318293e-05     1.781491e-06    -1.222515e-05     1.253735e-09
     180    -3.153004e-05     6.966607e-06     5.578334e-06     1.073795e-09
     181    -3.012057e-05     3.304115e-06    -5.596644e-06     9.494884e-10
     182    -2.722292e-05     7.222110e-06     8.752073e-06     8.698449e-10
     183    -2.604286e-05     2.093861e-06    -7.326446e-06     7.362914e-10
     184    -2.476686e-05     5.030231e-06     2.940579e-06     6.473476e-10
     185    -2.252556e-05     7.163383e-07    -9.906165e-06     6.060460e-10
     186    -2.138845e-05     5.039078e-06     4.805449e-06     5.059505e-10
     187    -2.044189e-05     2.044411e-06    -4.443803e-06     4.417980e-10
     188    -1.846323e-05     5.348359e-06     7.403544e-06     4.243082e-10
     189    -1.767662e-05     1.137108e-06    -5.899133e-06     3.485558e-10
     190    -1.680185e-05     3.592887e-06     2.582984e-06     3.018829e-10
     191    -1.529236e-05     7.879790e-08    -8.053862e-06     2.987271e-10
     192    -1.450793e-05     3.677172e-06     4.104440e-06     2.408481e-10
     193    -1.387379e-05     1.223830e-06    -3.549710e-06     2.065801e-10
     194    -1.319733e-05     2.611628e-06     1.342640e-06     1.827927e-10
     195    -1.199880e-05     5.369993e-07    -4.770057e-06     1.670130e-10
     196    -1.139783e-05     2.586488e-06     2.238628e-06     1.416120e-10
     197    -1.089039e-05     1.151585e-06    -2.163905e-06     1.246092e-10
     198    -9.840061e-06     2.708417e-06     3.482747e-06     1.162918e-10
     199    -9.416493e-06     6.953067e-07    -2.850539e-06     9.727937e-11
     200    -8.953227e-06     1.857663e-06     1.190940e-06     8.502952e-11
     201    -8.145376e-06     1.703948e-07    -3.871145e-06     8.136195e-11
     202    -7.731477e-06     1.877891e-06     1.920862e-06     6.699193e-11
     203    -7.391032e-06     7.035745e-07    -1.722825e-06     5.809050e-11
     204    -6.673433e-06     2.014156e-06     2.940145e-06     5.723599e-11
     205    -6.391590e-06     3.600651e-07    -2.299637e-06     4.627040e-11
     206    -6.073721e-06     1.331257e-06     1.039560e-06     3.974302e-11
     207    -5.801875e-06     6.432344e-07    -1.055912e-06     3.519045e-11
     208    -5.244122e-06     1.375815e-06     1.635692e-06     3.206917e-11
     209    -5.016322e-06     4.130502e-07    -1.379482e-06     2.723706e-11
     210    -4.770833e-06     9.627970e-07     5.463128e-07     2.398629e-11
     211    -4.338704e-06     1.519284e-07    -1.862578e-06     2.231663e-11
     212    -4.120105e-06     9.618221e-07     8.967810e-07     1.870458e-11
     213    -3.937492e-06     3.993940e-07    -8.377035e-07     1.636511e-11
     214    -3.556699e-06     1.017553e-06     1.384674e-06     1.560284e-11
     215    -3.404778e-06     2.270566e-07    -1.110078e-06     1.287634e-11
     216    -3.236526e-06     6.869951e-07     4.809331e-07     1.117836e-11
     217    -2.945437e-06     2.669083e-08    -1.513712e-06     1.096764e-11
     218    -2.794700e-06     7.010186e-07     7.667712e-07     8.889712e-12
     219    -2.672317e-06     2.403543e-07    -6.686581e-07     7.646151e-12
     220    -2.542159e-06     5.001358e-07     2.490636e-07     6.774742e-12
     221    -2.311109e-06     1.100636e-07    -8.971524e-07     6.158221e-12
     222    -2.195557e-06     4.940199e-07     4.174892e-07     5.238822e-12
     223    -2.097678e-06     2.244780e-07    -4.081266e-07     4.617213e-12
     224    -1.895527e-06     5.156787e-07     6.511596e-07     4.282957e-12
     225    -1.813748e-06     1.377451e-07    -5.366032e-07     3.596599e-12
     226    -1.724632e-06     3.554114e-07     2.215025e-07     3.149737e-12
     227    -1.568869e-06     3.829588e-08    -7.277631e-07     2.992456e-12
     228    -1.489315e-06     3.582556e-07     3.586618e-07     2.475045e-12
     229    -1.423628e-06     1.377191e-07    -3.246725e-07     2.151097e-12
     230    -1.285541e-06     3.829931e-07     5.500594e-07     2.101865e-12
     231    -1.231095e-06     7.250787e-08    -4.326511e-07     1.708038e-12
     232    -1.169965e-06     2.544324e-07     1.937135e-07     1.471080e-12
     233    -1.117539e-06     1.251647e-07    -1.992565e-07     1.304262e-12
     234    -1.010183e-06     2.621457e-07     3.056977e-07     1.182641e-12
     235    -9.662133e-07     8.137679e-08    -2.597819e-07     1.007677e-12
     236    -9.189841e-07     1.843056e-07     1.014725e-07     8.887970e-13
     237    -8.356741e-07     3.186956e-08    -3.502511e-07     8.220428e-13
     238    -7.936493e-07     1.836171e-07     1.673427e-07     6.915981e-13
     239    -7.584222e-07     7.797647e-08    -1.579415e-07     6.062301e-13
     240    -6.851391e-07     1.936333e-07     2.589704e-07     5.739752e-13
     241    -6.558012e-07     4.523583e-08    -2.089177e-07     4.757681e-13
     242    -6.234398e-07     1.313794e-07     8.953032e-08     4.139533e-13
     243    -5.673099e-07     7.294633e-09    -2.845287e-07     4.028503e-13
     244    -5.383426e-07     1.336667e-07     1.432350e-07     3.281958e-13
     245    -5.147261e-07     4.716098e-08    -1.259719e-07     2.830360e-13
     246    -4.896823e-07     9.578928e-08     4.618534e-08     2.510974e-13
     247    -4.451426e-07     2.244059e-08    -1.687537e-07     2.271334e-13
     248    -4.229240e-07     9.437288e-08     7.784800e-08     1.938312e-13
     249    -4.040458e-07     4.373649e-08    -7.698640e-08     1.710928e-13
     250    -3.651387e-07     9.820259e-08     1.217385e-07     1.577903e-13
     251    -3.493508e-07     2.724667e-08    -1.010248e-07     1.329944e-13
     252    -3.322078e-07     6.800711e-08     4.118642e-08     1.166833e-13
     253    -3.021761e-07     8.401849e-09    -1.368284e-07     1.101030e-13
     254    -2.868847e-07     6.835788e-08     6.696152e-08     9.145948e-14
     255    -2.742116e-07     2.693878e-08    -6.119320e-08     7.966230e-14
     256    -2.476391e-07     7.283991e-08     1.029032e-07     7.721984e-14
     257    -2.371222e-07     1.455696e-08    -8.140597e-08     6.306577e-14
     258    -2.253661e-07     4.863481e-08     3.608987e-08     5.445770e-14
     259    -2.152559e-07     2.434611e-08    -3.760603e-08     4.834203e-14
     260    -1.945919e-07     4.995761e-08     5.712734e-08     4.362531e-14
     261    -1.861055e-07     1.601488e-08    -4.892689e-08     3.728558e-14
     262    -1.770189e-07     3.528556e-08     1.884114e-08     3.293576e-14
     263    -1.609582e-07     6.626946e-09    -6.586847e-08     3.029010e-14
     264    -1.528787e-07     3.505911e-08     3.122212e-08     2.557587e-14
     265    -1.460835e-07     1.521569e-08    -2.978207e-08     2.245888e-14
     266    -1.319801e-07     3.685369e-08     4.843078e-08     2.112248e-14
     267    -1.263150e-07     8.994515e-09    -3.932201e-08     1.758260e-14
     268    -1.200904e-07     2.512820e-08     1.666281e-08     1.533078e-14
     269    -1.092674e-07     1.808790e-09    -5.348549e-08     1.480334e-14
     270    -1.037005e-07     2.549118e-08     2.675360e-08     1.211935e-14
     271    -9.914340e-08     9.246094e-09    -2.373500e-08     1.047825e-14
     272    -8.950573e-08     2.745062e-08     4.085644e-08     1.043406e-14
     273    -8.573887e-08     4.555012e-09    -3.174485e-08     8.379637e-15
     274    -8.146644e-08     1.803084e-08     1.451341e-08     7.172531e-15
     275    -7.782549e-08     8.517792e-09    -1.452404e-08     6.340307e-15
     276    -7.033708e-08     1.870435e-08     2.275773e-08     5.815072e-15
     277    -6.728935e-08     5.382163e-09    -1.902138e-08     4.918637e-15
     278    -6.399148e-08     1.301471e-08     7.655910e-09     4.322905e-15
     279    -5.820142e-08     1.810617e-09    -2.572703e-08     4.052564e-15
     280    -5.526206e-08     1.304532e-08     1.249984e-08     3.380322e-15
     281    -5.281713e-08     5.266071e-09    -1.153477e-08     2.950431e-15
     282    -4.770360e-08     1.385560e-08     1.924939e-08     2.838150e-15
     283    -4.567232e-08     2.914688e-09    -1.531823e-08     2.329105e-15
     284    -4.341135e-08     9.297900e-09     6.722235e-09     2.016185e-15
     285    -3.951206e-08     1.700311e-10    -2.091899e-08     1.998836e-15
     286    -3.748422e-08     9.522141e-09     1.067452e-08     1.609683e-15
     287    -3.584640e-08     3.148558e-09    -9.215698e-09     1.379807e-15
     288    -3.409815e-08     6.756308e-09     3.497057e-09     1.220561e-15
     289    -3.100198e-08     1.368043e-09    -1.238809e-08     1.116459e-15
     290    -2.944861e-08     6.695090e-09     5.824316e-09     9.459673e-16
     291    -2.813788e-08     2.967575e-09    -5.616479e-09     8.320919e-16
     292    -2.542360e-08     7.015495e-09     9.056403e-09     7.775949e-16
     293    -2.432976e-08     1.785257e-09    -7.401713e-09     6.499099e-16
     294    -2.313245e-08     4.806791e-09     3.100338e-09     5.678274e-16
     295    -2.104562e-08     4.241212e-10    -1.005473e-08     5.441954e-16
     296    -1.997570e-08     4.862155e-09     4.996425e-09     4.476335e-16
     297    -1.909640e-08     1.811354e-09    -4.472487e-09     3.879568e-16
     298    -1.724191e-08     5.218688e-09     7.644571e-09     3.829577e-16
     299    -1.651417e-08     9.209931e-10    -5.972058e-09     3.092315e-16
     300    -1.569259e-08     3.445479e-09     2.705231e-09     2.654470e-16
     301    -1.499040e-08     1.658191e-09    -2.740400e-09     2.349715e-16
     302    -1.354909e-08     3.563176e-09     4.253891e-09     2.143696e-16
     303    -1.296078e-08     1.061826e-09    -3.581746e-09     1.819382e-16
     304    -1.232634e-08     2.490985e-09     1.422648e-09     1.601676e-16
     305    -1.121005e-08     3.848193e-10    -4.837593e-09     1.492157e-16
     306    -1.064501e-08     2.489949e-09     2.333014e-09     1.249591e-16
     307    -1.017335e-08     1.028815e-09    -2.174510e-09     1.092840e-16
     308    -9.189294e-09     2.636074e-09     3.600564e-09     1.043561e-16
     309    -8.796996e-09     5.821947e-10    -2.882667e-09     8.603586e-17

----------------------------------------------------------
Chute inicial: x0 = -0.970911, y0 = 0.916212, z0 = 0.401848
----------------------------------------------------------
    iter               f1               f2               f3                G
       1     3.249298e+00     2.849662e-01    -5.138758e-01     1.090321e+01
       2     1.844867e+00    -1.529400e+00    -1.608798e+00     8.330828e+00
       3     2.371602e+00    -9.975468e-01    -3.661122e-01     6.753633e+00
       4     4.268102e-01    -8.837373e-01    -1.878646e+00     4.492471e+00
       5     9.195221e-01     2.197823e-01     3.609035e-01     1.024077e+00
       6     3.563983e-01    -6.405459e-01    -3.918797e-01     6.908886e-01
       7     5.284139e-01     1.854104e-01     3.475295e-01     4.343750e-01
       8     2.316536e-01    -4.635513e-01    -3.807837e-01     4.135394e-01
       9     3.675448e-01     2.392587e-01     4.072035e-01     3.581486e-01
      10     2.411010e-01    -1.324489e-01    -5.377718e-02     7.856436e-02
      11     2.192662e-01    -2.193653e-03     8.970127e-02     5.612878e-02
      12     1.481197e-01    -1.267058e-01    -8.903385e-02     4.592085e-02
      13     1.563908e-01     5.446703e-02     1.347203e-01     4.557429e-02
      14     1.200901e-01    -5.433647e-02    -1.591181e-02     1.762726e-02
      15     1.063616e-01    -6.337715e-03     3.874571e-02     1.285420e-02
      16     7.724599e-02    -5.640662e-02    -3.826928e-02     1.061319e-02
      17     7.740138e-02    -1.647493e-02     1.325623e-02     6.438124e-03
      18     4.589831e-02    -3.557942e-02    -2.658481e-02     4.079302e-03
      19     4.649204e-02    -8.581944e-03     9.404778e-03     2.323609e-03
      20     2.719806e-02    -2.553877e-02    -2.177538e-02     1.866131e-03
      21     2.844306e-02    -4.119153e-03     7.311172e-03     8.794284e-04
      22     2.220135e-02    -1.197026e-02    -6.076457e-03     6.731102e-04
      23     2.079297e-02     2.542354e-03     1.272728e-02     6.007950e-04
      24     1.744602e-02    -6.874381e-03    -1.408126e-03     3.536037e-04
      25     1.328819e-02     4.136448e-03     1.151053e-02     3.261785e-04
      26     1.067848e-02    -4.873266e-03    -1.787111e-03     1.409725e-04
      27     9.675351e-03     1.076734e-04     4.490388e-03     1.137876e-04
      28     7.016260e-03    -6.119333e-03    -5.114973e-03     1.128371e-04
      29     7.252174e-03    -1.017840e-03     1.884233e-03     5.718037e-05
      30     5.688263e-03    -3.074832e-03    -1.603173e-03     4.438110e-05
      31     5.343751e-03     7.307532e-04     3.389071e-03     4.057548e-05
      32     4.482764e-03    -1.790511e-03    -4.095247e-04     2.346881e-05
      33     3.967612e-03    -2.936331e-04     1.385057e-03     1.774655e-05
      34     3.013925e-03    -2.044459e-03    -1.414900e-03     1.526550e-05
      35     3.003169e-03    -5.388629e-04     6.197991e-04     9.693548e-06
      36     1.805314e-03    -1.679496e-03    -1.465562e-03     8.227736e-06
      37     1.886629e-03    -2.340510e-04     5.306670e-04     3.895755e-06
      38     1.470578e-03    -8.413450e-04    -4.798359e-04     3.100703e-06
      39     1.400265e-03     2.578903e-04     9.790546e-04     2.985799e-06
      40     1.162822e-03    -4.826957e-04    -1.319967e-04     1.602574e-06
      41     1.036944e-03    -4.899154e-05     3.996250e-04     1.237353e-06
      42     7.778382e-04    -5.728813e-04    -4.274720e-04     1.115958e-06
      43     7.838824e-04    -1.293424e-04     1.769108e-04     6.624985e-07
      44     4.633326e-04    -4.805935e-04    -4.437937e-04     6.426000e-07
      45     4.937583e-04    -4.992740e-05     1.542115e-04     2.700712e-07
      46     3.806923e-04    -2.358745e-04    -1.489194e-04     2.227404e-07
      47     3.750942e-04    -7.184555e-05     7.112714e-05     1.509165e-07
      48     2.294432e-04    -1.923304e-04    -1.578505e-04     1.145519e-07
      49     2.357252e-04    -3.353759e-05     6.045343e-05     6.034578e-08
      50     1.854963e-04    -9.913276e-05    -5.113990e-05     4.685145e-08
      51     1.739665e-04     2.301344e-05     1.094310e-04     4.276910e-08
      52     1.462424e-04    -5.824269e-05    -1.329912e-05     2.495591e-08
      53     1.294904e-04    -9.506330e-06     4.530808e-05     1.891097e-08
      54     9.847052e-05    -6.683955e-05    -4.644177e-05     1.632081e-08
      55     9.814578e-05    -1.743710e-05     2.045552e-05     1.035508e-08
      56     5.899994e-05    -5.546055e-05    -4.874456e-05     8.932898e-09
      57     6.177093e-05    -7.449014e-06     1.765851e-05     4.182959e-09
      58     4.809599e-05    -2.783681e-05    -1.615761e-05     3.349180e-09
      59     4.592839e-05     8.935179e-06     3.277222e-05     3.263273e-09
      60     3.805989e-05    -1.593339e-05    -4.514826e-06     1.722812e-09
      61     3.399939e-05    -1.394706e-06     1.339084e-05     1.337218e-09
      62     2.543182e-05    -1.907940e-05    -1.446118e-05     1.219927e-09
      63     2.569762e-05    -4.149010e-06     5.921010e-06     7.126405e-10
      64     2.041296e-05    -1.012182e-05    -4.560623e-06     5.399395e-10
      65     1.884171e-05     1.441488e-06     1.042619e-05     4.657936e-10
      66     1.604173e-05    -6.103937e-06    -1.072770e-06     2.957459e-10
      67     1.214816e-05     3.229044e-06     9.843248e-06     2.548942e-10
      68     9.900452e-06    -4.382878e-06    -1.497730e-06     1.194718e-10
      69     8.935891e-06    -3.184219e-08     3.973725e-06     9.564166e-11
      70     6.555384e-06    -5.479512e-06    -4.489744e-06     9.315592e-11
      71     6.731944e-06    -9.601404e-07     1.723140e-06     4.921015e-11
      72     5.298789e-06    -2.827659e-06    -1.455633e-06     3.819168e-11
      73     4.967987e-06     6.523847e-07     3.118646e-06     3.483246e-11
      74     4.177337e-06    -1.662404e-06    -3.783197e-07     2.035686e-11
      75     3.698451e-06    -2.730165e-07     1.292033e-06     1.542243e-11
      76     2.813177e-06    -1.906966e-06    -1.323461e-06     1.330203e-11
      77     2.803425e-06    -4.985023e-07     5.836718e-07     8.448371e-12
      78     1.685726e-06    -1.582466e-06    -1.389885e-06     7.277649e-12
      79     1.764490e-06    -2.131610e-07     5.038949e-07     3.412772e-12
      80     1.374038e-06    -7.946261e-07    -4.607688e-07     2.731720e-12
      81     1.311877e-06     2.544383e-07     9.350417e-07     2.660063e-12
      82     1.087286e-06    -4.549699e-07    -1.287029e-07     1.405753e-12
      83     9.712124e-07    -4.011635e-08     3.821437e-07     1.090897e-12
      84     7.265898e-07    -5.446330e-07    -4.125341e-07     9.947422e-13
      85     7.340949e-07    -1.186170e-07     1.690142e-07     5.815311e-13
      86     5.831705e-07    -2.890138e-07    -1.300876e-07     4.405397e-13
      87     5.382251e-07     4.097685e-08     2.975603e-07     3.799075e-13
      88     4.582820e-07    -1.743246e-07    -3.057641e-08     2.413464e-13
      89     3.470117e-07     9.205223e-08     2.809220e-07     2.078079e-13
      90     2.828423e-07    -1.251615e-07    -4.271905e-08     9.749009e-14
      91     2.552668e-07    -9.795926e-10     1.134204e-07     7.802632e-14
      92     1.872917e-07    -1.564333e-07    -1.281130e-07     7.596251e-14
      93     1.923131e-07    -2.745430e-08     4.919031e-08     4.015777e-14
      94     1.513820e-07    -8.074256e-08    -4.153045e-08     3.116066e-14
      95     1.419155e-07     1.858126e-08     8.901302e-08     2.840860e-14
      96     1.193405e-07    -4.747766e-08    -1.078807e-08     1.661266e-14
      97     1.056538e-07    -7.820033e-09     3.688137e-08     1.258411e-14
      98     8.037222e-08    -5.444752e-08    -3.776469e-08     1.085040e-14
      99     8.008703e-08    -1.424872e-08     1.666357e-08     6.894632e-15
     100     4.816312e-08    -4.517794e-08    -3.966326e-08     5.933906e-15
     101     5.040679e-08    -6.096980e-09     1.438470e-08     2.784937e-15
     102     3.925555e-08    -2.268988e-08    -1.314743e-08     2.228683e-15
     103     3.747495e-08     7.252311e-09     2.668868e-08     2.169254e-15
     104     3.106238e-08    -1.299353e-08    -3.670940e-09     1.147179e-15
     105     2.774463e-08    -1.152146e-09     1.090837e-08     8.900844e-16
     106     2.075886e-08    -1.555000e-08    -1.177223e-08     8.113185e-16
     107     2.097131e-08    -3.390914e-09     4.825179e-09     4.745763e-16
     108     1.666066e-08    -8.253204e-09    -3.711520e-09     3.594683e-16
     109     1.537520e-08     1.165591e-09     8.493503e-09     3.098950e-16
     110     1.309246e-08    -4.978876e-09    -8.717196e-10     1.969617e-16
     111     9.912608e-09     2.624777e-09     8.018266e-09     1.694418e-16
     112     8.080485e-09    -3.574392e-09    -1.218632e-09     7.955558e-17

----------------------------------------------------------
Chute inicial: x0 = 0.535730, y0 = 0.024257, z0 = 0.320232
----------------------------------------------------------
    iter               f1               f2               f3                G
       1     6.297063e-01     2.451587e-01     9.690906e-01     1.395769e+00
       2     3.924741e-01    -3.257239e-01     1.607502e-02     2.603904e-01
       3     3.808477e-01     2.863423e-01     1.788186e-01     2.590130e-01
       4     2.523722e-01    -5.302338e-02    -8.320678e-02     7.342660e-02
       5     2.004698e-01    -2.499301e-02     7.298760e-02     4.613999e-02
       6     1.450225e-01    -9.959439e-02    -6.142243e-02     3.472328e-02
       7     1.426439e-01     2.943198e-02     9.882887e-02     3.098068e-02
       8     1.142110e-01    -4.695539e-02    -9.121834e-03     1.533216e-02
       9     8.480592e-02     2.490739e-02     6.865870e-02     1.252644e-02
      10     6.728541e-02    -2.951362e-02    -8.951845e-03     5.478515e-03
      11     5.984792e-02    -2.740988e-03     2.310767e-02     4.123251e-03
      12     4.388712e-02    -3.301041e-02    -2.389338e-02     3.586660e-03
      13     4.425433e-02    -8.365870e-03     8.784914e-03     2.105608e-03
      14     2.608024e-02    -2.369254e-02    -1.998291e-02     1.640832e-03
      15     2.712259e-02    -4.006917e-03     6.802673e-03     7.979664e-04
      16     2.121335e-02    -1.126651e-02    -5.575741e-03     6.080293e-04
      17     1.980310e-02     2.207850e-03     1.183679e-02     5.371469e-04
      18     1.666056e-02    -6.509169e-03    -1.273856e-03     3.215661e-04
      19     1.265087e-02     3.754641e-03     1.071591e-02     2.889724e-04
      20     1.020354e-02    -4.606614e-03    -1.640952e-03     1.280258e-04
      21     9.226433e-03     3.673445e-05     4.193201e-03     1.027113e-04
      22     6.717387e-03    -5.745025e-03    -4.745091e-03     1.006445e-04
      23     6.921385e-03    -9.939202e-04     1.767565e-03     5.201774e-05
      24     5.438100e-03    -2.903251e-03    -1.484042e-03     4.020418e-05
      25     5.094870e-03     6.495108e-04     3.167563e-03     3.641301e-05
      26     4.283320e-03    -1.698188e-03    -3.743933e-04     2.137084e-05
      27     3.290041e-03     1.104145e-03     2.972608e-03     2.087990e-05
      28     2.634949e-03    -1.229245e-03    -4.821168e-04     8.686438e-06
      29     2.401264e-03     7.487609e-05     1.180663e-03     7.165638e-06
      30     2.064455e-03    -7.564084e-04    -9.747234e-05     4.843630e-06
      31     1.539411e-03     3.020546e-04     1.101115e-03     3.673477e-06
      32     1.274770e-03    -5.341252e-04    -1.515243e-04     1.933288e-06
      33     1.138663e-03    -4.681772e-05     4.483114e-04     1.499728e-06
      34     8.514198e-04    -6.387704e-04    -4.837393e-04     1.366947e-06
      35     8.602836e-04    -1.393535e-04     1.976809e-04     7.985851e-07
      36     5.064624e-04    -5.372485e-04    -5.012550e-04     7.963966e-07
      37     5.420135e-04    -5.228840e-05     1.727021e-04     3.263387e-07
      38     4.169211e-04    -2.624249e-04    -1.686515e-04     2.711334e-07
      39     4.115789e-04    -7.789378e-05     7.932294e-05     1.817567e-07
      40     2.510301e-04    -2.145933e-04    -1.783534e-04     1.408763e-07
      41     2.587049e-04    -3.588760e-05     6.759489e-05     7.278521e-08
      42     2.032240e-04    -1.100741e-04    -5.801700e-05     5.678226e-08
      43     1.911565e-04     2.724781e-05     1.229039e-04     5.238861e-08
      44     1.603151e-04    -6.437863e-05    -1.529927e-05     3.007962e-08
      45     1.421552e-04    -9.684339e-06     5.075959e-05     2.287843e-08
      46     1.078116e-04    -7.442085e-05    -5.253058e-05     1.992127e-08
      47     1.076947e-04    -1.885056e-05     2.282999e-05     1.247471e-08
      48     6.452193e-05    -6.192618e-05    -5.503665e-05     1.102696e-08
      49     6.779755e-05    -7.898597e-06     1.975753e-05     5.049255e-09
      50     5.268166e-05    -3.093770e-05    -1.830442e-05     4.067550e-09
      51     5.047930e-05     1.040751e-05     3.681608e-05     4.011900e-09
      52     4.171816e-05    -1.762633e-05    -5.167844e-06     2.077799e-09
      53     3.732946e-05    -1.304593e-06     1.501009e-05     1.620494e-09
      54     2.783547e-05    -2.126304e-05    -1.634415e-05     1.494062e-09
      55     2.819957e-05    -4.467202e-06     6.613885e-06     8.589154e-10
      56     2.236737e-05    -1.122643e-05    -5.181162e-06     6.531765e-10
      57     2.069782e-05     1.767698e-06     1.170328e-05     5.684914e-10
      58     1.758656e-05    -6.741072e-06    -1.243006e-06     3.562743e-10
      59     1.335599e-05     3.726317e-06     1.106107e-05     3.146152e-10
      60     1.085089e-05    -4.852923e-06    -1.708405e-06     1.442114e-10
      61     9.812699e-06     3.356372e-08     4.456641e-06     1.161518e-10
      62     7.172240e-06    -6.112366e-06    -5.071331e-06     1.145204e-10
      63     7.387969e-06    -1.027685e-06     1.926373e-06     5.934914e-11
      64     5.805140e-06    -3.139358e-06    -1.651038e-06     4.628114e-11
      65     5.458691e-06     7.723549e-07     3.502050e-06     4.265819e-11
      66     4.579262e-06    -1.837408e-06    -4.351515e-07     2.453506e-11
      67     4.060092e-06    -2.783731e-07     1.447331e-06     1.865660e-11
      68     3.080043e-06    -2.123074e-06    -1.496791e-06     1.623449e-11
      69     3.076140e-06    -5.389425e-07     6.513809e-07     1.017739e-11
      70     1.843513e-06    -1.766834e-06    -1.569173e-06     8.982548e-12
      71     1.936623e-06    -2.260621e-07     5.637650e-07     4.119445e-12
      72     1.505044e-06    -8.831102e-07    -5.219653e-07     3.317490e-12
      73     1.441851e-06     2.963685e-07     1.050375e-06     3.270057e-12
      74     1.191792e-06    -5.032992e-07    -1.473153e-07     1.695379e-12
      75     1.066331e-06    -3.758341e-08     4.283400e-07     1.321950e-12
      76     7.952642e-07    -6.069496e-07    -4.662367e-07     1.218210e-12
      77     8.055643e-07    -1.277194e-07     1.887882e-07     7.008870e-13
      78     6.390052e-07    -3.205488e-07    -1.477865e-07     5.329201e-13
      79     5.912433e-07     5.026726e-08     3.340021e-07     4.636529e-13
      80     5.024145e-07    -1.925187e-07    -3.542995e-08     2.907391e-13
      81     3.815114e-07     1.062313e-07     3.156740e-07     2.564861e-13
      82     3.099951e-07    -1.385830e-07    -4.872830e-08     1.176767e-13
      83     2.803134e-07     8.794854e-10     1.272027e-07     9.475691e-14
      84     2.049163e-07    -1.744984e-07    -1.447075e-07     9.338063e-14
      85     2.110537e-07    -2.938720e-08     5.499146e-08     4.843132e-14
      86     1.658482e-07    -8.964212e-08    -4.710565e-08     3.776029e-14
      87     1.559326e-07     2.200120e-08     9.995553e-08     3.479013e-14
      88     1.308229e-07    -5.247534e-08    -1.240906e-08     2.002228e-14
      89     1.159846e-07    -7.975718e-09     4.131409e-08     1.522290e-14
      90     8.799670e-08    -6.061730e-08    -4.271068e-08     1.324208e-14
      91     8.787774e-08    -1.540497e-08     1.859649e-08     8.305640e-15
      92     5.267146e-08    -5.044112e-08    -4.477964e-08     7.323805e-15
      93     5.532414e-08    -6.466482e-09     1.609372e-08     3.361583e-15
      94     4.299837e-08    -2.521628e-08    -1.489367e-08     2.706542e-15
      95     4.118770e-08     8.448072e-09     2.998051e-08     2.666627e-15
      96     3.404800e-08    -1.437368e-08    -4.201915e-09     1.383525e-15
      97     3.046186e-08    -1.080560e-09     1.222699e-08     1.078592e-15
      98     2.272096e-08    -1.732911e-08    -1.330475e-08     9.935564e-16
      99     2.301300e-08    -3.651238e-09     5.389676e-09     5.719783e-16
     100     1.825582e-08    -9.153669e-09    -4.216528e-09     4.348438e-16
     101     1.688972e-08     1.430361e-09     9.533660e-09     3.781992e-16
     102     1.435327e-08    -5.498488e-09    -1.010148e-09     2.372702e-16
     103     1.089809e-08     3.029216e-09     9.010158e-09     2.091275e-16
     104     8.856216e-09    -3.957663e-09    -1.390080e-09     9.602797e-17

----------------------------------------------------------
Chute inicial: x0 = 0.760388, y0 = -0.884844, z0 = 0.999445
----------------------------------------------------------
    iter               f1               f2               f3                G
       1     2.610052e+00     7.112382e-01     7.271724e+00     6.019620e+01
       2     1.716918e+00    -1.922363e-01    -1.317880e+00     4.721570e+00
       3     1.396954e+00    -1.164484e+00     7.147488e-01     3.818369e+00
       4     1.005150e+00     8.222272e-01    -1.309971e+00     3.402407e+00
       5     4.783538e-01     8.446501e-02    -4.202963e-02     2.377232e-01
       6     2.795192e-01    -2.038693e-01    -6.119313e-02     1.234382e-01
       7     2.712716e-01     1.186259e-02     1.163509e-01     8.726656e-02
       8     1.738219e-01    -1.664700e-01    -1.198146e-01     7.228186e-02
       9     1.910985e-01     7.478013e-02     1.714542e-01     7.150725e-02
      10     1.436743e-01    -6.636655e-02    -2.012824e-02     2.545196e-02
      11     1.272588e-01    -7.525171e-03     4.623052e-02     1.838869e-02
      12     9.168643e-02    -6.740344e-02    -4.519964e-02     1.499263e-02
      13     9.188108e-02    -2.027203e-02     1.497514e-02     9.077343e-03
      14     1.796982e-02    -5.897328e-02    -7.176900e-02     8.951551e-03
      15     2.696786e-02     4.015141e-03     1.720178e-02     1.039288e-03
      16     2.246275e-02    -8.954691e-03    -2.021923e-03     5.888498e-04
      17     1.716064e-02     5.737079e-03     1.549667e-02     5.675485e-04
      18     1.369755e-02    -6.395229e-03    -2.422673e-03     2.343910e-04
      19     1.245778e-02     2.787981e-04     5.959790e-03     1.907932e-04
      20     1.071207e-02    -3.893595e-03    -4.443128e-04     1.301059e-04
      21     7.929576e-03     1.379594e-03     5.420659e-03     9.416499e-05
      22     6.591328e-03    -2.709849e-03    -7.042666e-04     5.128488e-05
      23     5.861153e-03    -3.312376e-04     2.184971e-03     3.923693e-05
      24     4.409727e-03    -3.161759e-03    -2.297496e-03     3.472090e-05
      25     4.426484e-03    -7.595930e-04     9.612731e-04     2.109479e-05
      26     2.631233e-03    -2.607789e-03    -2.351189e-03     1.925204e-05
      27     2.780494e-03    -3.124986e-04     8.262415e-04     8.511476e-06
      28     2.154166e-03    -1.285095e-03    -7.736071e-04     6.890370e-06
      29     2.071285e-03     4.494867e-04     1.540136e-03     6.864280e-06
      30     1.706700e-03    -7.269984e-04    -2.186021e-04     3.489138e-06
      31     1.528918e-03    -4.669244e-05     6.238438e-04     2.728951e-06
      32     1.136836e-03    -8.800728e-04    -6.825421e-04     2.532789e-06
      33     1.153885e-03    -1.810339e-04     2.731630e-04     1.438841e-06
      34     9.142309e-04    -4.619787e-04    -2.157021e-04     1.095770e-06
      35     8.470654e-04     7.602255e-05     4.838613e-04     9.574209e-07
      36     7.189115e-04    -2.765311e-04    -5.199494e-05     5.960067e-07
      37     5.465383e-04     1.555431e-04     4.566619e-04     5.314378e-07
      38     4.433826e-04    -1.991199e-04    -7.087957e-05     2.412607e-07
      39     4.012447e-04     2.413178e-06     1.836385e-04     1.947262e-07
      40     2.928299e-04    -2.513649e-04    -2.094471e-04     1.928018e-07
      41     3.019820e-04    -4.167308e-05     7.920190e-05     9.920269e-08
      42     2.371326e-04    -1.287933e-04    -6.817340e-05     7.746721e-08
      43     2.231864e-04     3.227845e-05     1.441273e-04     7.162674e-08
      44     1.870866e-04    -7.525541e-05    -1.802380e-05     4.098961e-08
      45     1.659416e-04    -1.112899e-05     5.949160e-05     3.119973e-08
      46     1.257827e-04    -8.711754e-05    -6.168123e-05     2.721533e-08
      47     1.257023e-04    -2.193738e-05     2.673609e-05     1.699713e-08
      48     7.525936e-05    -7.252760e-05    -6.459666e-05     1.509695e-08
      49     7.913701e-05    -9.156228e-06     2.314823e-05     6.882344e-09
      50     6.146827e-05    -3.620036e-05    -2.149643e-05     5.550910e-09
      51     5.893802e-05     1.228548e-05     4.316701e-05     5.488014e-09
      52     4.868291e-05    -2.060594e-05    -6.080619e-06     2.831605e-09
      53     4.357569e-05    -1.471282e-06     1.759171e-05     2.210473e-09
      54     3.247315e-05    -2.489259e-05    -1.918509e-05     2.042214e-09
      55     3.291464e-05    -5.194687e-06     7.746158e-06     1.170361e-09
      56     2.609975e-05    -1.313056e-05    -6.087503e-06     8.906661e-10
      57     2.416345e-05     2.105397e-06     1.371947e-05     7.765288e-10
      58     2.052320e-05    -7.877898e-06    -1.465736e-06     4.854114e-10
      59     1.559479e-05     4.390768e-06     1.296922e-05     4.306769e-10
      60     1.266211e-05    -5.674135e-06    -2.008724e-06     1.965597e-10
      61     1.145491e-05     5.467087e-08     5.223508e-06     1.585030e-10
      62     8.366591e-06    -7.156821e-06    -5.951922e-06     1.566453e-10
      63     8.623361e-06    -1.193653e-06     2.256474e-06     8.087884e-11
      64     6.773592e-06    -3.672478e-06    -1.939218e-06     6.312920e-11
      65     6.372959e-06     9.142446e-07     4.105606e-06     5.830645e-11
      66     5.343824e-06    -2.147590e-06    -5.124244e-07     3.343117e-11
      67     4.739281e-06    -3.201238e-07     1.695984e-06     2.543962e-11
      68     3.593431e-06    -2.484922e-06    -1.757093e-06     2.217496e-11
      69     3.590411e-06    -6.272255e-07     7.627464e-07     1.386624e-11
      70     2.150313e-06    -2.069083e-06    -1.841459e-06     1.229592e-11
      71     2.260498e-06    -2.620871e-07     6.604644e-07     5.614756e-12
      72     1.756058e-06    -1.033273e-06    -6.129228e-07     4.527066e-12
      73     1.683432e-06     3.497922e-07     1.231477e-06     4.472834e-12
      74     1.390750e-06    -5.883593e-07    -1.733183e-07     2.310392e-12
      75     1.244745e-06    -4.241448e-08     5.019857e-07     1.803179e-12
      76     9.277636e-07    -7.105259e-07    -5.472446e-07     1.665069e-12
      77     9.402515e-07    -1.485218e-07     2.211017e-07     9.550176e-13
      78     7.456321e-07    -3.749098e-07    -1.736315e-07     7.266724e-13
      79     6.902363e-07     5.986767e-08     3.915317e-07     6.333074e-13
      80     5.863069e-07    -2.249829e-07    -4.177706e-08     3.961184e-13
      81     4.454600e-07     1.251698e-07     3.701234e-07     3.510934e-13
      82     3.617385e-07    -1.620324e-07    -5.729287e-08     1.603917e-13
      83     3.272246e-07     1.467428e-09     1.490885e-07     1.293055e-13
      84     2.390400e-07    -2.043134e-07    -1.698318e-07     1.277269e-13
      85     2.463449e-07    -3.413369e-08     6.441413e-08     6.600011e-14
      86     1.935160e-07    -1.048642e-07    -5.532710e-08     5.150605e-14
      87     1.820491e-07     2.604311e-08     1.171812e-07     4.755156e-14
      88     1.526652e-07    -6.133368e-08    -1.461254e-08     2.728202e-14
      89     1.353868e-07    -9.172605e-09     4.841158e-08     2.075742e-14
      90     1.026642e-07    -7.094828e-08    -5.013807e-08     1.808742e-14
      91     1.025691e-07    -1.792852e-08     2.177581e-08     1.131604e-14
      92     6.143715e-08    -5.906974e-08    -5.254968e-08     1.002523e-14
      93     6.457634e-08    -7.497104e-09     1.885413e-08     4.581788e-15
      94     5.016971e-08    -2.950394e-08    -1.748901e-08     3.693347e-15
      95     4.808862e-08     9.971018e-09     3.514957e-08     3.647428e-15
      96     3.973199e-08    -1.680288e-08    -4.943614e-09     1.885407e-15
      97     3.555859e-08    -1.219775e-09     1.432918e-08     1.471226e-15
      98     2.650652e-08    -2.028629e-08    -1.561641e-08     1.358001e-15
      99     2.686068e-08    -4.245964e-09     6.312176e-09     7.793677e-16
     100     2.130206e-08    -1.070600e-08    -4.953921e-09     5.929375e-16
     101     1.971759e-08     1.703639e-09     1.117575e-08     5.165831e-16
     102     1.674996e-08    -6.425681e-09    -1.191123e-09     3.232693e-16
     103     1.272481e-08     3.569274e-09     1.056427e-08     2.862644e-16
     104     1.033447e-08    -4.627325e-09    -1.634407e-09     1.308846e-16
     105     9.347767e-09     3.948064e-11     4.255676e-09     1.054931e-16
     106     6.829552e-09    -5.833196e-09    -4.846537e-09     1.041579e-16
     107     7.037454e-09    -9.760392e-10     1.838893e-09     5.385994e-17

----------------------------------------------------------
Chute inicial: x0 = -0.510950, y0 = -0.431414, z0 = -0.655908
----------------------------------------------------------
    iter               f1               f2               f3                G
       1     6.073947e+00     5.194717e+00     3.369296e+00     7.523007e+01
       2    -9.096803e-01    -2.564394e+00    -8.344954e-01     8.100020e+00
       3    -8.749234e-01    -4.744871e-01     5.789033e-01     1.325758e+00
       4    -7.863807e-01    -1.806326e-01    -2.772185e-01     7.278729e-01
       5    -7.520677e-01     2.345341e-01     2.730199e-01     6.951520e-01
       6    -7.528708e-01     8.095980e-02    -6.146053e-02     5.771464e-01
       7    -7.310936e-01     1.793998e-01     1.874167e-02     5.670334e-01
       8    -7.298811e-01     8.449206e-02    -1.375572e-01     5.587873e-01
       9    -7.208559e-01     1.697134e-01     3.181530e-02     5.494481e-01
      10    -7.172571e-01     7.754413e-02    -1.391320e-01     5.398286e-01
      11    -7.064607e-01     1.686946e-01     3.452042e-02     5.287362e-01
      12    -7.019279e-01     7.621072e-02    -1.372314e-01     5.173432e-01
      13    -6.899101e-01     1.657402e-01     3.177152e-02     5.044551e-01
      14    -6.843260e-01     7.772802e-02    -1.300814e-01     4.912650e-01
      15    -6.712670e-01     1.599890e-01     2.429668e-02     4.767862e-01
      16    -6.643734e-01     8.147405e-02    -1.182680e-01     4.620174e-01
      17    -6.504414e-01     1.518704e-01     1.331348e-02     4.463159e-01
      18    -6.420035e-01     8.655833e-02    -1.033897e-01     4.303502e-01
      19    -6.117628e-01     1.989279e-01     1.051221e-01     4.248768e-01
      20    -6.066210e-01     3.969095e-02    -1.768294e-01     4.008331e-01
      21    -5.859802e-01     1.691897e-01     5.882509e-02     3.754584e-01
      22    -5.774293e-01     6.217547e-02    -1.281705e-01     3.537180e-01
      23    -5.578259e-01     1.445080e-01     2.145484e-02     3.325126e-01
      24    -5.336810e-01     1.411197e-02    -2.006632e-01     3.252802e-01
      25    -5.078482e-01     1.649430e-01     6.920916e-02     2.899059e-01
      26    -4.984694e-01     5.432473e-02    -1.170035e-01     2.651127e-01
      27    -4.763174e-01     1.281126e-01     1.504830e-02     2.435176e-01
      28    -4.484301e-01     2.314094e-02    -1.545900e-01     2.255232e-01
      29    -4.223685e-01     1.324860e-01     3.768428e-02     1.973678e-01
      30    -3.972065e-01    -8.073043e-03    -1.866091e-01     1.926611e-01
      31    -3.674819e-01     1.314666e-01     5.330705e-02     1.551680e-01
      32    -3.572138e-01     4.989410e-02    -7.496969e-02     1.357116e-01
      33    -3.141137e-01     1.322448e-01     7.127117e-02     1.212357e-01
      34    -3.066382e-01     3.807328e-02    -7.464033e-02     1.010477e-01
      35    -2.640997e-01     1.256368e-01     7.778886e-02     9.158438e-02
      36    -2.588839e-01     3.017933e-02    -6.787800e-02     7.253910e-02
      37    -2.190445e-01     1.114239e-01     7.171600e-02     6.553898e-02
      38    -2.150777e-01     2.616446e-02    -5.607149e-02     5.008702e-02
      39    -1.798237e-01     9.189322e-02     5.661887e-02     4.398664e-02
      40    -1.760800e-01     2.453131e-02    -4.225709e-02     3.339163e-02
      41    -1.464594e-01     7.097024e-02     3.840270e-02     2.796190e-02
      42    -1.423499e-01     2.351103e-02    -2.949576e-02     2.168628e-02
      43    -9.399484e-02     8.138312e-02     7.401457e-02     2.093640e-02
      44    -9.740558e-02     5.985364e-03    -3.519122e-02     1.076209e-02
      45    -7.625620e-02     5.187891e-02     3.923695e-02     1.004597e-02
      46    -7.638797e-02     1.010132e-02    -2.003960e-02     6.338744e-03
      47    -6.134937e-02     3.259589e-02     1.816338e-02     5.156146e-03
      48    -5.799025e-02    -1.021666e-02    -4.053801e-02     5.110579e-03
      49    -4.886870e-02     2.035065e-02     6.357772e-03     2.842720e-03
      50    -4.404749e-02     6.542065e-04    -1.897858e-02     2.300795e-03
      51    -3.305538e-02     2.649455e-02     2.181888e-02     2.270683e-03
      52    -3.378013e-02     4.268003e-03    -9.278494e-03     1.245404e-03
      53    -2.667764e-02     1.484521e-02     8.450960e-03     1.003496e-03
      54    -2.534057e-02    -4.695449e-03    -1.789034e-02     9.842564e-04
      55    -2.116109e-02     8.832135e-03     2.603852e-03     5.325782e-04
      56    -1.897476e-02     5.754276e-04    -7.759060e-03     4.205757e-04
      57    -1.421635e-02     1.095600e-02     8.606063e-03     3.962029e-04
      58    -1.443150e-02     2.125168e-03    -3.580381e-03     2.256037e-04
      59    -1.143876e-02     5.944059e-03     2.974918e-03     1.750271e-04
      60    -1.068225e-02    -1.279675e-03    -6.555996e-03     1.587291e-04
      61    -9.025422e-03     3.562793e-03     7.998366e-04     9.479147e-05
      62    -6.961832e-03    -2.375898e-03    -6.375895e-03     9.476403e-05
      63    -5.582476e-03     2.624951e-03     1.060766e-03     3.917963e-05
      64    -5.102745e-03    -2.130729e-04    -2.584953e-03     3.276539e-05
      65    -4.382744e-03     1.620236e-03     2.336469e-04     2.188820e-05
      66    -3.289541e-03    -7.191239e-04    -2.458709e-03     1.738347e-05
      67    -2.712756e-03     1.158700e-03     3.546126e-04     8.827380e-06
      68    -2.433514e-03     6.380180e-05    -1.007461e-03     6.941039e-06
      69    -1.808116e-03     1.416064e-03     1.111125e-03     6.509119e-06
      70    -1.838648e-03     2.811027e-04    -4.446510e-04     3.657359e-06
      71    -1.455352e-03     7.456705e-04     3.585678e-04     2.802643e-06
      72    -1.352898e-03    -1.376525e-04    -7.952416e-04     2.481690e-06
      73    -1.145592e-03     4.451097e-04     8.945116e-05     1.518505e-06
      74    -8.750911e-04    -2.665479e-04    -7.554516e-04     1.407539e-06
      75    -7.067996e-04     3.224908e-04     1.200656e-04     6.179817e-07
      76    -6.417149e-04    -1.132726e-05    -3.038661e-04     5.042610e-07
      77    -5.536851e-04     2.005636e-04     2.337639e-05     3.473393e-07
      78    -4.116298e-04    -7.348791e-05    -2.848317e-04     2.559686e-07
      79    -3.424108e-04     1.415516e-04     3.820867e-05     1.387419e-07
      80    -3.052127e-04     1.498069e-05    -1.168709e-04     1.070380e-07
      81    -2.292770e-04     1.678624e-04     1.247815e-04     9.631614e-08
      82    -2.308792e-04     3.817469e-05    -5.197136e-05     5.746351e-08
      83    -1.366391e-04     1.411935e-04     1.302148e-04     5.556174e-08
      84    -1.455104e-04     1.474454e-05    -4.539921e-05     2.345176e-08
      85    -1.122267e-04     6.946537e-05     4.383292e-05     1.934159e-08
      86    -1.105669e-04     2.116643e-05    -2.097515e-05     1.311302e-08
      87    -6.764937e-05     5.672027e-05     4.657132e-05     9.962514e-09
      88    -6.950502e-05     9.870846e-06    -1.784779e-05     5.246924e-09
      89    -5.469328e-05     2.925284e-05     1.511595e-05     4.075575e-09
      90    -5.130473e-05    -6.828188e-06    -3.233040e-05     3.724054e-09
      91    -4.312263e-05     1.718578e-05     3.939582e-06     2.170433e-09
      92    -3.818901e-05     2.782919e-06    -1.339019e-05     1.645443e-09
      93    -2.903448e-05     1.974097e-05     1.374040e-05     1.421506e-09
      94    -2.894532e-05     5.132912e-06    -6.045447e-06     9.007259e-10
      95    -1.739466e-05     1.639201e-05     1.442749e-05     7.794246e-10
      96    -1.821952e-05     2.187043e-06    -5.222003e-06     3.640034e-10
      97    -1.418256e-05     8.224440e-06     4.786547e-06     2.916976e-10
      98    -1.354962e-05    -2.657645e-06    -9.697854e-06     2.847035e-10
      99    -1.122427e-05     4.704927e-06     1.339769e-06     1.499155e-10
     100    -1.002919e-05     4.026918e-07    -3.961897e-06     1.164435e-10
     101    -7.498684e-06     5.640211e-06     4.283862e-06     1.063937e-10
     102    -7.579874e-06     1.220360e-06    -1.751136e-06     6.201024e-11
     103    -6.019826e-06     2.990328e-06     1.352299e-06     4.700908e-11
     104    -5.558557e-06    -4.326805e-07    -3.085957e-06     4.060790e-11
     105    -4.731119e-06     1.802199e-06     3.191138e-07     2.573324e-11
     106    -3.584373e-06    -9.599328e-07    -2.914074e-06     2.226103e-11
     107    -2.919803e-06     1.294599e-06     4.444511e-07     1.039877e-11
     108    -2.636121e-06     6.569288e-09    -1.176098e-06     8.332384e-12
     109    -1.932785e-06     1.620403e-06     1.330316e-06     8.131101e-12
     110    -1.985771e-06     2.821355e-07    -5.097567e-07     4.282739e-12
     111    -1.562610e-06     8.355994e-07     4.316097e-07     3.326263e-12
     112    -1.465722e-06    -1.947911e-07    -9.232489e-07     3.038672e-12
     113    -1.232010e-06     4.909162e-07     1.124311e-07     1.771488e-12
     114    -1.091016e-06     7.964400e-08    -3.823534e-07     1.342854e-12
     115    -8.295243e-07     5.637828e-07     3.922521e-07     1.159823e-12
     116    -8.269326e-07     1.467054e-07    -1.726265e-07     7.351399e-13
     117    -4.969828e-07     4.680630e-07     4.118314e-07     6.356800e-13
     118    -5.204970e-07     6.254651e-08    -1.490926e-07     2.970578e-13
     119    -4.051922e-07     2.348643e-07     1.366044e-07     2.380027e-13
     120    -3.870676e-07    -7.577665e-08    -2.768398e-07     2.322037e-13
     121    -3.206668e-07     1.343755e-07     3.822093e-08     1.223448e-13
     122    -2.865087e-07     1.156165e-08    -1.131029e-07     9.501316e-14
     123    -2.142399e-07     1.610462e-07     1.222594e-07     8.678196e-14
     124    -2.165409e-07     3.488589e-08    -4.999546e-08     5.060651e-14
     125    -1.719820e-07     8.539586e-08     3.858550e-08     3.835909e-14
     126    -1.587900e-07    -1.231122e-08    -8.808912e-08     3.312553e-14
     127    -1.351621e-07     5.147338e-08     9.098658e-09     2.100108e-14
     128    -1.023907e-07    -2.737381e-08    -8.317840e-08     1.815182e-14
     129    -8.341571e-08     3.697199e-08     1.267936e-08     8.485876e-15
     130    -7.530604e-08     2.063179e-10    -3.357226e-08     6.798139e-15
     131    -5.522096e-08     4.626410e-08     3.796465e-08     6.631036e-15
     132    -5.672867e-08     8.067087e-09    -1.455281e-08     3.495005e-15
     133    -4.464271e-08     2.386112e-08     1.231532e-08     2.713992e-15
     134    -4.187029e-08    -5.549178e-09    -2.635308e-08     2.478399e-15
     135    -3.519693e-08     1.402069e-08     3.206371e-09     1.445684e-15
     136    -3.116732e-08     2.281110e-09    -1.091477e-08     1.095738e-15
     137    -2.369948e-08     1.609752e-08     1.119341e-08     9.460879e-16
     138    -2.362356e-08     4.193273e-09    -4.928510e-09     5.999464e-16
     139    -1.419937e-08     1.336304e-08     1.175284e-08     5.183220e-16
     140    -1.486926e-08     1.788988e-09    -4.256211e-09     2.424107e-16
     141    -1.157614e-08     6.706421e-09     3.897916e-09     1.941769e-16
     142    -1.105697e-08    -2.159984e-09    -7.901887e-09     1.893619e-16
     143    -9.161058e-09     3.837664e-09     1.090187e-09     9.984116e-17

----------------------------------------------------------
Chute inicial: x0 = -0.539223, y0 = -0.135575, z0 = 0.859418
----------------------------------------------------------
    iter               f1               f2               f3                G
       1     2.678503e+00    -1.566616e+00     2.891783e+00     1.799107e+01
       2     7.121333e-01     7.354004e-01    -2.591287e+00     7.762715e+00
       3     6.317149e-01     1.239284e+00     8.487230e-01     2.655219e+00
       4     2.023309e-01    -2.571569e-01    -5.413553e-01     4.001330e-01
       5     2.875376e-01     2.872832e-01     4.786061e-01     3.942733e-01
       6     1.694593e-01    -1.411199e-01    -8.803504e-02     5.638145e-02
       7     1.764333e-01     5.046635e-02     1.359083e-01     5.214663e-02
       8     1.372226e-01    -5.869087e-02    -1.387543e-02     2.246720e-02
       9     1.029242e-01     3.603543e-02     9.076176e-02     2.012964e-02
      10     8.008254e-02    -3.667729e-02    -1.213023e-02     7.905580e-03
      11     7.167206e-02    -1.990363e-03     2.925567e-02     5.996739e-03
      12     5.181408e-02    -4.112441e-02    -3.075140e-02     5.321565e-03
      13     5.265043e-02    -9.857748e-03     1.064026e-02     2.982458e-03
      14     3.074761e-02    -2.867141e-02    -2.445819e-02     2.365668e-03
      15     3.211623e-02    -4.723541e-03     8.088413e-03     1.119186e-03
      16     2.506992e-02    -1.338027e-02    -6.637979e-03     8.515953e-04
      17     2.341491e-02     2.626887e-03     1.400343e-02     7.512545e-04
      18     1.968172e-02    -7.690407e-03    -1.491284e-03     4.487363e-04
      19     1.492488e-02     4.388184e-03     1.257228e-02     4.000705e-04
      20     1.203909e-02    -5.419660e-03    -1.909952e-03     1.779603e-04
      21     1.087640e-02     1.035147e-05     4.897691e-03     1.422837e-04
      22     7.926269e-03    -6.725101e-03    -5.519577e-03     1.385185e-04
      23     8.156160e-03    -1.190161e-03     2.058353e-03     7.217625e-05
      24     6.412967e-03    -3.396220e-03    -1.710495e-03     5.558626e-05
      25     5.996673e-03     7.235147e-04     3.671937e-03     4.996669e-05
      26     5.048464e-03    -1.990312e-03    -4.250652e-04     2.962902e-05
      27     3.867737e-03     1.255688e-03     3.436247e-03     2.834394e-05
      28     3.105339e-03    -1.436397e-03    -5.511730e-04     1.201016e-05
      29     2.824955e-03     7.042457e-05     1.364969e-03     9.848473e-06
      30     2.431934e-03    -8.863942e-04    -1.082885e-04     6.711726e-06
      31     1.809509e-03     3.375293e-04     1.270386e-03     5.002130e-06
      32     1.501723e-03    -6.243555e-04    -1.718373e-04     2.674521e-06
      33     1.339450e-03    -6.205555e-05     5.178939e-04     2.066191e-06
      34     1.004169e-03    -7.417088e-04    -5.546178e-04     1.866089e-06
      35     1.012370e-03    -1.667070e-04     2.289585e-04     1.105106e-06
      36     5.980169e-04    -6.220025e-04    -5.750478e-04     1.075191e-06
      37     6.376138e-04    -6.419297e-05     1.995274e-04     4.504832e-07
      38     4.914736e-04    -3.049901e-04    -1.928751e-04     3.717660e-07
      39     4.843343e-04    -9.268663e-05     9.196065e-05     2.516272e-07
      40     2.961763e-04    -2.486726e-04    -2.042959e-04     1.912953e-07
      41     3.043623e-04    -4.322829e-05     7.815869e-05     1.006139e-07
      42     2.394738e-04    -1.281031e-04    -6.618380e-05     7.813841e-08
      43     2.246348e-04     2.987229e-05     1.415131e-04     7.137909e-08
      44     1.888039e-04    -7.523513e-05    -1.722423e-05     4.160392e-08
      45     1.671912e-04    -1.221883e-05     5.857435e-05     3.153314e-08
      46     1.271169e-04    -8.637629e-05    -6.007547e-05     2.722864e-08
      47     1.267152e-04    -2.249390e-05     2.643619e-05     1.726160e-08
      48     7.615802e-05    -7.167747e-05    -6.303893e-05     1.491161e-08
      49     7.975177e-05    -9.599307e-06     2.282327e-05     6.973394e-09
      50     6.208889e-05    -3.596494e-05    -2.089794e-05     5.585231e-09
      51     5.930185e-05     1.157483e-05     4.236613e-05     5.445575e-09
      52     4.913476e-05    -2.058015e-05    -5.842499e-06     2.871902e-09
      53     4.389660e-05    -1.786418e-06     1.730829e-05     2.229680e-09
      54     3.282940e-05    -2.465323e-05    -1.870010e-05     2.035245e-09
      55     3.317713e-05    -5.351352e-06     7.651538e-06     1.187905e-09
      56     2.635223e-05    -1.307520e-05    -5.898877e-06     9.001979e-10
      57     2.432702e-05     1.872430e-06     1.347683e-05     7.769350e-10
      58     2.070970e-05    -7.883135e-06    -1.389007e-06     4.929646e-10
      59     1.568544e-05     4.179985e-06     1.272390e-05     4.254028e-10
      60     1.278117e-05    -5.661146e-06    -1.937572e-06     1.991610e-10
      61     1.153710e-05    -3.697208e-08     5.136078e-06     1.594852e-10
      62     8.462031e-06    -7.080324e-06    -5.805200e-06     1.554373e-10
      63     8.691306e-06    -1.238033e-06     2.226786e-06     8.203010e-11
      64     6.840419e-06    -3.652831e-06    -1.882513e-06     6.367837e-11
      65     6.414332e-06     8.456436e-07     4.031102e-06     5.810855e-11
      66     5.392856e-06    -2.147031e-06    -4.896252e-07     3.393237e-11
      67     4.774969e-06    -3.512090e-07     1.669839e-06     2.571204e-11
      68     3.631524e-06    -2.463803e-06    -1.711307e-06     2.218686e-11
      69     3.619341e-06    -6.431077e-07     7.541965e-07     1.408203e-11
      70     2.175972e-06    -2.044844e-06    -1.797027e-06     1.214555e-11
      71     2.278059e-06    -2.747334e-07     6.511952e-07     5.689086e-12
      72     1.773782e-06    -1.026561e-06    -5.958461e-07     4.555163e-12
      73     1.693828e-06     3.295125e-07     1.208628e-06     4.438412e-12
      74     1.403656e-06    -5.876271e-07    -1.665231e-07     2.343285e-12
      75     1.253913e-06    -5.140924e-08     4.938997e-07     1.818879e-12
      76     9.379379e-07    -7.036987e-07    -5.334054e-07     1.659441e-12
      77     9.477502e-07    -1.529946e-07     2.184023e-07     9.693373e-13
      78     7.528439e-07    -3.733320e-07    -1.682482e-07     7.344582e-13
      79     6.949100e-07     5.321791e-08     3.846078e-07     6.336552e-13
      80     5.916342e-07    -2.251337e-07    -3.958701e-08     4.022833e-13
      81     4.480504e-07     1.191535e-07     3.631228e-07     3.468049e-13
      82     3.651395e-07    -1.616626e-07    -5.526211e-08     1.625156e-13
      83     3.295727e-07    -1.148641e-09     1.465936e-07     1.301092e-13
      84     2.417660e-07    -2.021309e-07    -1.656444e-07     1.267458e-13
      85     2.482860e-07    -3.540082e-08     6.356702e-08     6.693995e-14
      86     1.954250e-07    -1.043040e-07    -5.370865e-08     5.195486e-14
      87     1.832313e-07     2.408488e-08     1.150550e-07     4.739145e-14
      88     1.540659e-07    -6.131811e-08    -1.396176e-08     2.769114e-14
      89     1.364065e-07    -1.006007e-08     4.766551e-08     2.097993e-14
      90     1.037523e-07    -7.034581e-08    -4.883128e-08     1.809757e-14
      91     1.033956e-07    -1.838204e-08     2.153186e-08     1.149217e-14
      92     6.217005e-08    -5.837811e-08    -5.128156e-08     9.902916e-15
      93     6.507804e-08    -7.858178e-09     1.858962e-08     4.642476e-15
      94     5.067601e-08    -2.931250e-08    -1.700161e-08     3.716335e-15
      95     4.838568e-08     9.392129e-09     3.449746e-08     3.619461e-15
      96     4.010066e-08    -1.678207e-08    -4.749653e-09     1.912260e-15
      97     3.582053e-08    -1.476567e-09     1.409843e-08     1.484057e-15
      98     2.679714e-08    -2.009150e-08    -1.522142e-08     1.353447e-15
      99     2.707491e-08    -4.373681e-09     6.235148e-09     7.910568e-16
     100     2.150807e-08    -1.066102e-08    -4.800267e-09     5.992970e-16
     101     1.985113e-08     1.513810e-09     1.097815e-08     5.168788e-16
     102     1.690215e-08    -6.430025e-09    -1.128608e-09     3.283015e-16
     103     1.279884e-08     3.397542e-09     1.036448e-08     2.827760e-16
     104     1.043162e-08    -4.616796e-09    -1.576442e-09     1.326187e-16
     105     9.414857e-09    -3.520317e-11     4.184476e-09     1.061506e-16
     106     6.907415e-09    -5.770926e-09    -4.727023e-09     1.033607e-16
     107     7.092911e-09    -1.012219e-09     1.814720e-09     5.462719e-17

----------------------------------------------------------
Chute inicial: x0 = -0.032449, y0 = 0.956614, z0 = -0.969932
----------------------------------------------------------
    iter               f1               f2               f3                G
       1     3.948467e+00     3.883717e+00    -1.941759e+00     3.444408e+01
       2    -2.506653e-01    -1.302729e+00    -8.440466e-01     2.472350e+00
       3     2.122286e-01     7.760843e-01     1.136724e+00     1.939488e+00
       4     1.239958e-02    -3.969550e-01    -4.922982e-01     4.000845e-01
       5     8.318396e-02    -7.184676e-03     4.348728e-02     8.862335e-03
       6     6.106068e-02    -5.088066e-02    -4.167286e-02     8.053875e-03
       7     6.256266e-02    -1.093168e-02     1.261578e-02     4.192747e-03
       8     3.573347e-02    -3.569403e-02    -2.993468e-02     3.447029e-03
       9     3.775020e-02    -5.752742e-03     9.892275e-03     1.556029e-03
      10     2.946404e-02    -1.587300e-02    -8.050160e-03     1.184887e-03
      11     2.756309e-02     3.254606e-03     1.669825e-02     1.049148e-03
      12     2.311696e-02    -9.075460e-03    -1.782264e-03     6.199343e-04
      13     1.753525e-02     5.236751e-03     1.485163e-02     5.554793e-04
      14     1.412024e-02    -6.370346e-03    -2.255955e-03     2.450517e-04
      15     1.275715e-02     1.820043e-05     5.752158e-03     1.958326e-04
      16     9.287662e-03    -7.894146e-03    -6.477565e-03     1.905370e-04
      17     9.559179e-03    -1.401760e-03     2.404543e-03     9.912466e-05
      18     7.515315e-03    -3.972498e-03    -1.991171e-03     7.622546e-05
      19     7.023354e-03     8.315477e-04     4.278039e-03     6.832059e-05
      20     5.914635e-03    -2.327260e-03    -4.905312e-04     4.063967e-05
      21     4.526051e-03     1.449564e-03     3.992939e-03     3.852993e-05
      22     3.637126e-03    -1.676387e-03    -6.369790e-04     1.644470e-05
      23     3.306096e-03     7.313997e-05     1.584776e-03     1.344713e-05
      24     2.847676e-03    -1.035488e-03    -1.232061e-04     9.196671e-06
      25     2.116528e-03     3.850853e-04     1.472545e-03     6.796371e-06
      26     1.758276e-03    -7.282928e-04    -1.974061e-04     3.660915e-06
      27     1.567148e-03    -7.664636e-05     6.004506e-04     2.822369e-06
      28     1.176329e-03    -8.621737e-04    -6.405017e-04     2.537337e-06
      29     1.184635e-03    -1.967090e-04     2.657233e-04     1.512664e-06
      30     7.009374e-04    -7.217199e-04    -6.640128e-04     1.453106e-06
      31     7.459365e-04    -7.673317e-05     2.312111e-04     6.157678e-07
      32     5.755765e-04    -3.545382e-04    -2.222719e-04     5.063904e-07
      33     5.667034e-04    -1.090836e-04     1.067457e-04     3.444466e-07
      34     3.470123e-04    -2.885837e-04    -2.355903e-04     2.592009e-07
      35     3.560692e-04    -5.119895e-05     9.058762e-05     1.376127e-07
      36     2.803936e-04    -1.489974e-04    -7.613790e-05     1.066178e-07
      37     2.626343e-04     3.358627e-05     1.636327e-04     9.688045e-08
      38     2.209982e-04    -8.770048e-05    -1.966606e-05     5.691834e-08
      39     1.701213e-04     5.808255e-05     1.552891e-04     5.642953e-08
      40     1.361643e-04    -6.387362e-05    -2.547273e-05     2.326942e-08
      41     1.242787e-04     4.545303e-06     6.203450e-05     1.931413e-08
      42     1.067629e-04    -3.929497e-05    -5.333923e-06     1.297085e-08
      43     7.982385e-05     1.646232e-05     5.822297e-05     1.003277e-08
      44     6.596836e-05    -2.787315e-05    -8.172923e-06     5.195534e-09
      45     5.902864e-05    -2.062346e-06     2.373610e-05     4.052036e-09
      46     4.401531e-05    -3.362377e-05    -2.584569e-05     3.735905e-09
      47     4.459126e-05    -7.064074e-06     1.045817e-05     2.147655e-09
      48     3.536884e-05    -1.775187e-05    -8.192465e-06     1.633200e-09
      49     3.272871e-05     2.794711e-06     1.850526e-05     1.421424e-09
      50     2.780902e-05    -1.065928e-05    -1.965257e-06     8.908239e-10
      51     2.111915e-05     5.891516e-06     1.748927e-05     7.866029e-10
      52     1.715807e-05    -7.673508e-06    -2.701105e-06     3.605782e-10
      53     1.551632e-05     5.270840e-08     7.046560e-06     2.904129e-10
      54     1.134121e-05    -9.664655e-06    -8.018250e-06     2.863209e-10
      55     1.168221e-05    -1.625199e-06     3.045845e-06     1.483926e-10
      56     9.179421e-06    -4.963869e-06    -2.610346e-06     1.157157e-10
      57     8.631491e-06     1.220902e-06     5.537062e-06     1.066523e-10
      58     7.240971e-06    -2.905304e-06    -6.879394e-07     6.134571e-11
      59     6.419988e-06    -4.403311e-07     2.288369e-06     4.664677e-11
      60     4.870349e-06    -3.356878e-06    -2.366465e-06     4.058908e-11
      61     4.864128e-06    -8.522631e-07     1.029907e-06     2.544680e-11
      62     2.915089e-06    -2.793560e-06    -2.480902e-06     2.245659e-11
      63     3.062268e-06    -3.575221e-07     8.913621e-07     1.029983e-11
      64     2.379860e-06    -1.396322e-06    -8.252218e-07     8.294441e-12
      65     2.279897e-06     4.684914e-07     1.660700e-06     8.175337e-12
      66     1.884521e-06    -7.958046e-07    -2.328913e-07     4.238962e-12
      67     1.686122e-06    -5.948139e-08     6.772348e-07     3.305193e-12
      68     1.257521e-06    -9.596570e-07    -7.371210e-07     3.045648e-12
      69     1.273791e-06    -2.019756e-07     2.984919e-07     1.752435e-12
      70     1.010429e-06    -5.068364e-07    -2.336439e-07     1.332439e-12
      71     9.348927e-07     7.944022e-08     5.280750e-07     1.159198e-12
      72     7.944421e-07    -3.044081e-07    -5.600746e-08     7.269394e-13
      73     6.032551e-07     1.679333e-07     4.990941e-07     6.412132e-13
      74     4.901799e-07    -2.191225e-07    -7.703552e-08     2.942255e-13
      75     4.432412e-07     1.374152e-09     2.011148e-07     2.369118e-13
      76     3.240270e-07    -2.758998e-07    -2.287824e-07     2.334556e-13
      77     3.337263e-07    -4.647449e-08     8.694610e-08     1.210928e-13
      78     2.622481e-07    -1.417369e-07    -7.447233e-08     9.440955e-14
      79     2.465651e-07     3.477549e-08     1.580343e-07     8.697853e-14
      80     2.068635e-07    -8.297290e-08    -1.961684e-08     5.006184e-14
      81     1.833991e-07    -1.261668e-08     6.532031e-08     3.806115e-14
      82     1.391456e-07    -9.584310e-08    -6.752503e-08     3.310702e-14
      83     1.389558e-07    -2.436093e-08     2.940287e-08     2.076671e-14
      84     8.328774e-08    -7.975213e-08    -7.079665e-08     1.830942e-14
      85     8.748064e-08    -1.022697e-08     2.544540e-08     8.404921e-15
      86     6.799140e-08    -3.987028e-08    -2.354649e-08     6.766908e-15
      87     6.512707e-08     1.335425e-08     4.740046e-08     6.666675e-15
      88     5.383837e-08    -2.272726e-08    -6.642753e-09     3.459224e-15
      89     4.816736e-08    -1.710193e-09     1.933162e-08     2.696731e-15
      90     3.592779e-08    -2.739921e-08    -2.103470e-08     2.483981e-15
      91     3.638907e-08    -5.774079e-09     8.521560e-09     1.430121e-15
      92     2.886706e-08    -1.447332e-08    -6.666115e-09     1.087221e-15
      93     2.670654e-08     2.260452e-09     1.507318e-08     9.455498e-16
      94     2.269608e-08    -8.694129e-09    -1.596829e-09     5.932499e-16
      95     1.723232e-08     4.788643e-09     1.424541e-08     5.228157e-16
      96     1.400389e-08    -6.257711e-09    -2.197599e-09     2.400974e-16
      97     1.266199e-08     3.596390e-11     5.740744e-09     1.932835e-16
      98     9.257691e-09    -7.877011e-09    -6.528813e-09     1.903775e-16
      99     9.533720e-09    -1.328908e-09     2.482136e-09     9.881882e-17

----------------------------------------------------------
Chute inicial: x0 = 0.429632, y0 = -0.453494, z0 = -0.068617
----------------------------------------------------------
    iter               f1               f2               f3                G
       1     2.579908e+00     2.756282e+00     2.377145e+00     1.990383e+01
       2     4.023941e-01    -1.357115e+00    -7.749607e-01     2.604247e+00
       3     8.995175e-01     1.348932e-01     2.463660e-01     8.880242e-01
       4     3.997378e-01    -5.467111e-01    -2.982289e-01     5.476238e-01
       5     5.097914e-01     1.213472e-01     2.781899e-01     3.520020e-01
       6     2.510412e-01    -3.885049e-01    -2.961275e-01     3.016492e-01
       7     3.444947e-01     1.807633e-01     3.341355e-01     2.629985e-01
       8     2.381141e-01    -1.167064e-01    -3.782530e-02     7.174946e-02
       9     2.102617e-01    -1.524583e-02     7.103472e-02     4.948837e-02
      10     1.480792e-01    -1.068988e-01    -6.557020e-02     3.765424e-02
      11     1.476544e-01     3.355000e-02     1.054307e-01     3.404304e-02
      12     1.174494e-01    -4.879925e-02    -1.015230e-02     1.627879e-02
      13     8.755055e-02     2.731834e-02     7.309414e-02     1.375414e-02
      14     6.908167e-02    -3.077018e-02    -9.675821e-03     5.812702e-03
      15     6.160970e-02    -2.336633e-03     2.440045e-02     4.396597e-03
      16     4.495791e-02    -3.460096e-02    -2.547337e-02     3.867333e-03
      17     4.548635e-02    -8.492793e-03     9.179951e-03     2.225407e-03
      18     2.669690e-02    -2.475886e-02    -2.112140e-02     1.771839e-03
      19     2.786223e-02    -4.034483e-03     7.098220e-03     8.429657e-04
      20     2.175464e-02    -1.168564e-02    -5.889295e-03     6.445024e-04
      21     2.035836e-02     2.432980e-03     1.238573e-02     5.737885e-04
      22     1.709390e-02    -6.720726e-03    -1.361893e-03     3.392244e-04
      23     1.301045e-02     4.003468e-03     1.120980e-02     3.109592e-04
      24     1.046502e-02    -4.763617e-03    -1.734994e-03     1.352190e-04
      25     9.477548e-03     8.968030e-05     4.377318e-03     1.089929e-04
      26     6.879462e-03    -5.972665e-03    -4.978985e-03     1.077900e-04
      27     7.105531e-03    -1.002301e-03     1.839197e-03     5.487582e-05
      28     5.575463e-03    -3.005583e-03    -1.560443e-03     4.255429e-05
      29     5.234670e-03     7.053275e-04     3.305769e-03     3.882736e-05
      30     4.393387e-03    -1.752007e-03    -3.976676e-04     2.252951e-05
      31     3.382291e-03     1.170422e-03     3.103646e-03     2.244240e-05
      32     2.701956e-03    -1.270478e-03    -5.078533e-04     9.172593e-06
      33     2.466145e-03     9.049007e-05     1.230972e-03     7.605352e-06
      34     2.117591e-03    -7.794634e-04    -1.048136e-04     5.102741e-06
      35     1.581757e-03     3.232633e-04     1.148869e-03     3.926357e-06
      36     1.307340e-03    -5.513068e-04    -1.601822e-04     2.038735e-06
      37     1.169109e-03    -4.313070e-05     4.669967e-04     1.586762e-06
      38     8.722743e-04    -6.627015e-04    -5.068142e-04     1.456896e-06
      39     8.829491e-04    -1.411760e-04     2.054000e-04     8.417189e-07
      40     7.006481e-04    -3.497951e-04    -1.595908e-04     6.387336e-07
      41     6.475579e-04     5.245797e-05     3.622380e-04     5.532994e-07
      42     5.506987e-04    -2.103132e-04    -3.779805e-05     3.489294e-07
      43     4.175243e-04     1.135092e-04     3.416716e-04     3.039504e-07
      44     3.397529e-04    -1.510940e-04    -5.230419e-05     1.409972e-07
      45     3.068975e-04    -1.964710e-07     1.376887e-04     1.131443e-07
      46     2.247692e-04    -1.894271e-04    -1.560084e-04     1.107424e-07
      47     2.311185e-04    -3.265780e-05     5.957805e-05     5.803182e-08
      48     1.817850e-04    -9.750798e-05    -5.060388e-05     4.511433e-08
      49     1.706240e-04     2.305168e-05     1.079806e-04     4.130372e-08
      50     1.433402e-04    -5.721715e-05    -1.321209e-05     2.399478e-08
      51     1.269709e-04    -9.136552e-06     4.467731e-05     1.820116e-08
      52     9.648354e-05    -6.579574e-05    -4.591853e-05     1.574666e-08
      53     9.622403e-05    -1.702586e-05     2.014972e-05     9.954956e-09
      54     5.779105e-05    -5.463830e-05    -4.817215e-05     8.645705e-09
      55     6.056570e-05    -7.235239e-06     1.740684e-05     4.023551e-09
      56     4.713126e-05    -2.738873e-05    -1.598320e-05     3.226961e-09
      57     4.504958e-05     8.909174e-06     3.234189e-05     3.154836e-09
      58     3.730376e-05    -1.565672e-05    -4.479258e-06     1.656767e-09
      59     3.333928e-05    -1.311591e-06     1.320690e-05     1.287650e-09
      60     2.491649e-05    -1.878680e-05    -1.429575e-05     1.178144e-09
      61     2.519500e-05    -4.046644e-06     5.833990e-06     6.851987e-10
      62     2.000554e-05    -9.953311e-06    -4.515083e-06     5.196760e-10
      63     1.847855e-05     1.459274e-06     1.028708e-05     4.494103e-10
      64     1.572377e-05    -5.995153e-06    -1.068067e-06     2.843194e-10
      65     1.191677e-05     3.211144e-06     9.714936e-06     2.467008e-10
      66     9.703481e-06    -4.307877e-06    -1.484487e-06     1.149191e-10
      67     8.762804e-06    -1.426476e-08     3.919773e-06     9.215155e-11
      68     6.421881e-06    -5.396934e-06    -4.437687e-06     9.006052e-11
      69     6.600428e-06    -9.349418e-07     1.698218e-06     4.732371e-11
      70     5.192792e-06    -2.781365e-06    -1.440453e-06     3.677598e-11
      71     4.872560e-06     6.536004e-07     3.077398e-06     3.363942e-11
      72     4.094453e-06    -1.633147e-06    -3.758714e-07     1.957299e-11
      73     3.626502e-06    -2.624222e-07     1.274068e-06     1.484363e-11
      74     2.756417e-06    -1.877207e-06    -1.308588e-06     1.283414e-11
      75     2.748539e-06    -4.867485e-07     5.749508e-07     8.121962e-12
      76     1.651188e-06    -1.559018e-06    -1.373588e-06     7.043701e-12
      77     1.730065e-06    -2.070477e-07     4.967165e-07     3.282720e-12
      78     1.346479e-06    -7.818380e-07    -4.558020e-07     2.632031e-12
      79     1.286776e-06     2.537104e-07     9.227704e-07     2.571668e-12
      80     1.065686e-06    -4.470703e-07    -1.276917e-07     1.351863e-12
      81     9.523565e-07    -3.773747e-08     3.768960e-07     1.050458e-12
      82     7.118675e-07    -5.362817e-07    -4.078180e-07     9.606689e-13
      83     7.197370e-07    -1.156914e-07     1.665304e-07     5.591382e-13
      84     5.715315e-07    -2.842024e-07    -1.287898e-07     4.240060e-13
      85     5.278512e-07     4.148802e-08     2.935906e-07     3.665436e-13
      86     4.491986e-07    -1.712178e-07    -3.044308e-08     2.320217e-13
      87     3.404018e-07     9.154368e-08     2.772605e-07     2.011270e-13
      88     2.772152e-07    -1.230196e-07    -4.234168e-08     9.377492e-14
      89     2.503223e-07    -4.764726e-10     1.118805e-07     7.517876e-14
      90     1.834776e-07    -1.540757e-07    -1.266279e-07     7.343799e-14
      91     1.885561e-07    -2.673410e-08     4.847884e-08     3.861830e-14
      92     1.483539e-07    -7.942055e-08    -4.109750e-08     3.000550e-14
      93     1.391895e-07     1.861673e-08     8.783575e-08     2.743542e-14
      94     1.169726e-07    -4.664202e-08    -1.071838e-08     1.597295e-14
      95     1.035984e-07    -7.517110e-09     3.636853e-08     1.211180e-14
      96     7.875064e-08    -5.359777e-08    -3.734038e-08     1.046869e-14
      97     7.851906e-08    -1.391284e-08     1.641457e-08     6.628249e-15
      98     4.717637e-08    -4.450846e-08    -3.919824e-08     5.743115e-15
      99     4.942335e-08    -5.922243e-09     1.417977e-08     2.678806e-15
     100     3.846820e-08    -2.232469e-08    -1.300574e-08     2.147344e-15
     101     3.675791e-08     7.231726e-09     2.633841e-08     2.097154e-15
     102     3.044530e-08    -1.276791e-08    -3.642125e-09     1.103201e-15
     103     2.720597e-08    -1.084109e-09     1.075856e-08     8.570865e-16
     104     2.033826e-08    -1.531154e-08    -1.163767e-08     7.835232e-16
     105     2.056113e-08    -3.307307e-09     4.754263e-09     4.563015e-16
     106     1.632815e-08    -8.115791e-09    -3.674502e-09     3.459764e-16
     107     1.507885e-08     1.180256e-09     8.380187e-09     2.989922e-16
     108     1.283297e-08    -4.890133e-09    -8.679322e-10     1.893518e-16
     109     9.723787e-09     2.610309e-09     7.913749e-09     1.639932e-16
     110     7.919727e-09    -3.513217e-09    -1.207872e-09     7.652373e-17
